Freq,SA Max Hold,N medici√≥n
4000500000,-56.8711497341663,\AutoSave102.csv
4001000000,-59.6315655184485,\AutoSave102.csv
4001500000,-58.5300031507324,\AutoSave102.csv
4002000000,-57.8571533966007,\AutoSave102.csv
4002500000,-58.5888882839956,\AutoSave102.csv
4003000000,-58.3339828380257,\AutoSave102.csv
4003500000,-58.8117835260201,\AutoSave102.csv
4004000000,-58.7764073448701,\AutoSave102.csv
4004500000,-58.3120680531074,\AutoSave102.csv
4005000000,-58.1188998649446,\AutoSave102.csv
4005500000,-59.4646583295788,\AutoSave102.csv
4006000000,-57.7320408154841,\AutoSave102.csv
4006500000,-58.4130195885269,\AutoSave102.csv
4007000000,-59.1485273537195,\AutoSave102.csv
4007500000,-57.2714124863782,\AutoSave102.csv
4008000000,-58.6082851380333,\AutoSave102.csv
4008500000,-59.3886718972997,\AutoSave102.csv
4009000000,-57.4991987650153,\AutoSave102.csv
4009500000,-58.9729807751444,\AutoSave102.csv
4010000000,-58.7267465455701,\AutoSave102.csv
4010500000,-59.5819192454565,\AutoSave102.csv
4011000000,-58.8648605146673,\AutoSave102.csv
4011500000,-58.4257938110664,\AutoSave102.csv
4012000000,-58.6324505740122,\AutoSave102.csv
4012500000,-57.9374389158736,\AutoSave102.csv
4013000000,-58.5295955559604,\AutoSave102.csv
4013500000,-56.7223488932404,\AutoSave102.csv
4014000000,-58.2364862074903,\AutoSave102.csv
4014500000,-58.3527289650348,\AutoSave102.csv
4015000000,-58.7155652368337,\AutoSave102.csv
4015500000,-58.6363598965802,\AutoSave102.csv
4016000000,-58.5766978270355,\AutoSave102.csv
4016500000,-59.1005930650056,\AutoSave102.csv
4017000000,-59.0431407417753,\AutoSave102.csv
4017500000,-59.2615158888921,\AutoSave102.csv
4018000000,-58.2069018938014,\AutoSave102.csv
4018500000,-58.9598404261998,\AutoSave102.csv
4019000000,-57.7216258669154,\AutoSave102.csv
4019500000,-58.178901585523,\AutoSave102.csv
4020000000,-59.4139069242046,\AutoSave102.csv
4020500000,-57.6385498461103,\AutoSave102.csv
4021000000,-57.7201307912683,\AutoSave102.csv
4021500000,-58.9773848962552,\AutoSave102.csv
4022000000,-57.3212086283555,\AutoSave102.csv
4022500000,-57.3829467798676,\AutoSave102.csv
4023000000,-58.1886372022133,\AutoSave102.csv
4023500000,-58.6106227593253,\AutoSave102.csv
4024000000,-58.3928548276231,\AutoSave102.csv
4024500000,-59.3834067474976,\AutoSave102.csv
4025000000,-58.79784907117,\AutoSave102.csv
4025500000,-57.4228284503097,\AutoSave102.csv
4026000000,-58.7468764675278,\AutoSave102.csv
4026500000,-58.842511676487,\AutoSave102.csv
4027000000,-58.2276847087451,\AutoSave102.csv
4027500000,-58.65064681718,\AutoSave102.csv
4028000000,-58.8323545391945,\AutoSave102.csv
4028500000,-57.8693405130508,\AutoSave102.csv
4029000000,-59.2730525089152,\AutoSave102.csv
4029500000,-59.6807110329431,\AutoSave102.csv
4030000000,-57.519287408347,\AutoSave102.csv
4030500000,-59.267336803677,\AutoSave102.csv
4031000000,-58.9101912256756,\AutoSave102.csv
4031500000,-58.6395515715807,\AutoSave102.csv
4032000000,-58.9313514990931,\AutoSave102.csv
4032500000,-59.0693540680347,\AutoSave102.csv
4033000000,-59.56099266223,\AutoSave102.csv
4033500000,-59.1162992970193,\AutoSave102.csv
4034000000,-59.5940733988601,\AutoSave102.csv
4034500000,-57.1654711923067,\AutoSave102.csv
4035000000,-59.3701462029629,\AutoSave102.csv
4035500000,-58.5898247333792,\AutoSave102.csv
4036000000,-58.7515735028405,\AutoSave102.csv
4036500000,-58.6238877665816,\AutoSave102.csv
4037000000,-58.3718807755881,\AutoSave102.csv
4037500000,-58.2159351416601,\AutoSave102.csv
4038000000,-58.3696469656306,\AutoSave102.csv
4038500000,-59.8855879782329,\AutoSave102.csv
4039000000,-59.0148029941281,\AutoSave102.csv
4039500000,-59.5681129197229,\AutoSave102.csv
4040000000,-59.1544773463293,\AutoSave102.csv
4040500000,-57.597487521851,\AutoSave102.csv
4041000000,-58.4441770845059,\AutoSave102.csv
4041500000,-59.2129550602744,\AutoSave102.csv
4042000000,-57.4322036646952,\AutoSave102.csv
4042500000,-58.9286729951894,\AutoSave102.csv
4043000000,-59.3966991978374,\AutoSave102.csv
4043500000,-58.5845578510196,\AutoSave102.csv
4044000000,-57.8957826138025,\AutoSave102.csv
4044500000,-57.3290818763423,\AutoSave102.csv
4045000000,-58.3789879680687,\AutoSave102.csv
4045500000,-59.971768088828,\AutoSave102.csv
4046000000,-59.5694183837415,\AutoSave102.csv
4046500000,-58.1033797721177,\AutoSave102.csv
4047000000,-59.283083329885,\AutoSave102.csv
4047500000,-58.4729114731169,\AutoSave102.csv
4048000000,-57.7405201474748,\AutoSave102.csv
4048500000,-58.5940795518984,\AutoSave102.csv
4049000000,-58.8599588823484,\AutoSave102.csv
4049500000,-56.4510669244007,\AutoSave102.csv
4050000000,-57.9141584330217,\AutoSave102.csv
4050500000,-58.5507515148044,\AutoSave102.csv
4051000000,-58.3360368793117,\AutoSave102.csv
4051500000,-58.0227047479954,\AutoSave102.csv
4052000000,-59.2182296714508,\AutoSave102.csv
4052500000,-57.4356434968063,\AutoSave102.csv
4053000000,-59.3006876332001,\AutoSave102.csv
4053500000,-58.016459508812,\AutoSave102.csv
4054000000,-59.1276858491228,\AutoSave102.csv
4054500000,-58.2116256567769,\AutoSave102.csv
4055000000,-58.3056856180125,\AutoSave102.csv
4055500000,-59.3971329961769,\AutoSave102.csv
4056000000,-58.8813823103181,\AutoSave102.csv
4056500000,-59.2360993384481,\AutoSave102.csv
4057000000,-59.2626479553335,\AutoSave102.csv
4057500000,-58.1633488048971,\AutoSave102.csv
4058000000,-59.661274042006,\AutoSave102.csv
4058500000,-58.4156842935382,\AutoSave102.csv
4059000000,-58.4857502654964,\AutoSave102.csv
4059500000,-58.7951214470649,\AutoSave102.csv
4060000000,-58.5485840091204,\AutoSave102.csv
4060500000,-59.2748627028114,\AutoSave102.csv
4061000000,-58.2442966969156,\AutoSave102.csv
4061500000,-57.9216808563716,\AutoSave102.csv
4062000000,-57.684418366824,\AutoSave102.csv
4062500000,-58.6414987739561,\AutoSave102.csv
4063000000,-58.6655036977468,\AutoSave102.csv
4063500000,-58.3323126894944,\AutoSave102.csv
4064000000,-58.6938516190428,\AutoSave102.csv
4064500000,-59.5469030546377,\AutoSave102.csv
4065000000,-57.6677170039551,\AutoSave102.csv
4065500000,-57.7601538429409,\AutoSave102.csv
4066000000,-57.6441330757901,\AutoSave102.csv
4066500000,-58.4566921599181,\AutoSave102.csv
4067000000,-58.2012250617065,\AutoSave102.csv
4067500000,-58.0099175782888,\AutoSave102.csv
4068000000,-57.4915647604423,\AutoSave102.csv
4068500000,-59.2053501151604,\AutoSave102.csv
4069000000,-58.1285116227843,\AutoSave102.csv
4069500000,-58.7314460177471,\AutoSave102.csv
4070000000,-59.3713249508309,\AutoSave102.csv
4070500000,-58.2015132035197,\AutoSave102.csv
4071000000,-57.9516047894866,\AutoSave102.csv
4071500000,-58.8347532185033,\AutoSave102.csv
4072000000,-56.9757121414894,\AutoSave102.csv
4072500000,-59.138424517017,\AutoSave102.csv
4073000000,-59.1658329714455,\AutoSave102.csv
4073500000,-57.7889723394524,\AutoSave102.csv
4074000000,-58.5604799795489,\AutoSave102.csv
4074500000,-57.9868186628281,\AutoSave102.csv
4075000000,-59.4399709909427,\AutoSave102.csv
4075500000,-59.271418214903,\AutoSave102.csv
4076000000,-58.600899570846,\AutoSave102.csv
4076500000,-58.7181074506062,\AutoSave102.csv
4077000000,-57.9880658135808,\AutoSave102.csv
4077500000,-59.6428281850007,\AutoSave102.csv
4078000000,-58.5463066126881,\AutoSave102.csv
4078500000,-59.4451826812304,\AutoSave102.csv
4079000000,-58.5256160354185,\AutoSave102.csv
4079500000,-57.5493202941298,\AutoSave102.csv
4080000000,-58.7260333078315,\AutoSave102.csv
4080500000,-58.0432736184227,\AutoSave102.csv
4081000000,-58.082857852967,\AutoSave102.csv
4081500000,-59.2774244886604,\AutoSave102.csv
4082000000,-58.3318278015054,\AutoSave102.csv
4082500000,-58.1327653738495,\AutoSave102.csv
4083000000,-58.9662369300934,\AutoSave102.csv
4083500000,-59.0889755075313,\AutoSave102.csv
4084000000,-59.1359485144511,\AutoSave102.csv
4084500000,-57.682101054118,\AutoSave102.csv
4085000000,-57.7160655654685,\AutoSave102.csv
4085500000,-57.578691586086,\AutoSave102.csv
4086000000,-57.9825970714427,\AutoSave102.csv
4086500000,-59.0594623089156,\AutoSave102.csv
4087000000,-59.5530197016112,\AutoSave102.csv
4087500000,-57.9087580053558,\AutoSave102.csv
4088000000,-58.5688525249713,\AutoSave102.csv
4088500000,-58.5528691024349,\AutoSave102.csv
4089000000,-58.0291542390819,\AutoSave102.csv
4089500000,-58.1505735101367,\AutoSave102.csv
4090000000,-58.2104833429509,\AutoSave102.csv
4090500000,-60.2290980034449,\AutoSave102.csv
4091000000,-59.0011211972435,\AutoSave102.csv
4091500000,-58.4453138529387,\AutoSave102.csv
4092000000,-58.7364735642216,\AutoSave102.csv
4092500000,-59.2074267134052,\AutoSave102.csv
4093000000,-57.9638083903365,\AutoSave102.csv
4093500000,-57.8898083267195,\AutoSave102.csv
4094000000,-57.0113571533122,\AutoSave102.csv
4094500000,-58.0051468457639,\AutoSave102.csv
4095000000,-56.858585495721,\AutoSave102.csv
4095500000,-58.6171752934727,\AutoSave102.csv
4096000000,-57.9296948373149,\AutoSave102.csv
4096500000,-57.922440461992,\AutoSave102.csv
4097000000,-58.1440761378903,\AutoSave102.csv
4097500000,-58.6494412704951,\AutoSave102.csv
4098000000,-57.4142083922882,\AutoSave102.csv
4098500000,-57.8204588941252,\AutoSave102.csv
4099000000,-58.7824520859419,\AutoSave102.csv
4099500000,-58.9163395757303,\AutoSave102.csv
4100000000,-58.6346648752883,\AutoSave102.csv
4100500000,-57.6088680373759,\AutoSave102.csv
4101000000,-59.0337491245773,\AutoSave102.csv
4101500000,-58.771098338767,\AutoSave102.csv
4102000000,-58.8803300183568,\AutoSave102.csv
4102500000,-57.3443678411402,\AutoSave102.csv
4103000000,-58.8180690283011,\AutoSave102.csv
4103500000,-56.48838760691,\AutoSave102.csv
4104000000,-58.6460980609926,\AutoSave102.csv
4104500000,-58.9872008611696,\AutoSave102.csv
4105000000,-57.9924063299195,\AutoSave102.csv
4105500000,-57.7199366740106,\AutoSave102.csv
4106000000,-57.7895354178241,\AutoSave102.csv
4106500000,-59.0196628906311,\AutoSave102.csv
4107000000,-57.6007619846142,\AutoSave102.csv
4107500000,-58.7520977080098,\AutoSave102.csv
4108000000,-57.8731512309215,\AutoSave102.csv
4108500000,-58.9063430902198,\AutoSave102.csv
4109000000,-59.4122581739256,\AutoSave102.csv
4109500000,-59.3340497820315,\AutoSave102.csv
4110000000,-58.9026588478824,\AutoSave102.csv
4110500000,-57.9338677778116,\AutoSave102.csv
4111000000,-58.4679811031763,\AutoSave102.csv
4111500000,-58.024987849018,\AutoSave102.csv
4112000000,-58.2076377678223,\AutoSave102.csv
4112500000,-58.4587112796395,\AutoSave102.csv
4113000000,-55.6343761991197,\AutoSave102.csv
4113500000,-58.5206337141918,\AutoSave102.csv
4114000000,-57.4608719524617,\AutoSave102.csv
4114500000,-57.239285691049,\AutoSave102.csv
4115000000,-59.2017872871996,\AutoSave102.csv
4115500000,-57.5358228864741,\AutoSave102.csv
4116000000,-59.4340192440745,\AutoSave102.csv
4116500000,-57.5234929019436,\AutoSave102.csv
4117000000,-57.4603140587479,\AutoSave102.csv
4117500000,-58.6398589749226,\AutoSave102.csv
4118000000,-57.7589870258317,\AutoSave102.csv
4118500000,-57.3947911620722,\AutoSave102.csv
4119000000,-58.0269807208824,\AutoSave102.csv
4119500000,-58.3831460542591,\AutoSave102.csv
4120000000,-58.4018937869284,\AutoSave102.csv
4120500000,-58.0727353394468,\AutoSave102.csv
4121000000,-57.9865191987864,\AutoSave102.csv
4121500000,-57.3988450405828,\AutoSave102.csv
4122000000,-58.1421022692679,\AutoSave102.csv
4122500000,-57.9672525650876,\AutoSave102.csv
4123000000,-56.2553204594711,\AutoSave102.csv
4123500000,-58.4121633345172,\AutoSave102.csv
4124000000,-59.1439291539258,\AutoSave102.csv
4124500000,-56.9371144015386,\AutoSave102.csv
4125000000,-58.2519557317626,\AutoSave102.csv
4125500000,-57.9277152731688,\AutoSave102.csv
4126000000,-57.7822759918724,\AutoSave102.csv
4126500000,-57.1814576151557,\AutoSave102.csv
4127000000,-59.0040229545386,\AutoSave102.csv
4127500000,-57.8362805626603,\AutoSave102.csv
4128000000,-59.171091380043,\AutoSave102.csv
4128500000,-58.0295565594891,\AutoSave102.csv
4129000000,-58.0014949022537,\AutoSave102.csv
4129500000,-58.0772559587567,\AutoSave102.csv
4130000000,-58.2818090290845,\AutoSave102.csv
4130500000,-58.2035728450699,\AutoSave102.csv
4131000000,-58.3829815229523,\AutoSave102.csv
4131500000,-57.466124527218,\AutoSave102.csv
4132000000,-57.8089967773448,\AutoSave102.csv
4132500000,-57.425415828683,\AutoSave102.csv
4133000000,-58.1128579614348,\AutoSave102.csv
4133500000,-58.0392720578696,\AutoSave102.csv
4134000000,-57.4605660849884,\AutoSave102.csv
4134500000,-58.2602250945188,\AutoSave102.csv
4135000000,-57.8516432702591,\AutoSave102.csv
4135500000,-57.6944132424695,\AutoSave102.csv
4136000000,-58.2581827756209,\AutoSave102.csv
4136500000,-59.0652207019577,\AutoSave102.csv
4137000000,-58.5598034058776,\AutoSave102.csv
4137500000,-58.7630172692856,\AutoSave102.csv
4138000000,-56.3094204411045,\AutoSave102.csv
4138500000,-58.7488946364079,\AutoSave102.csv
4139000000,-58.5042050768601,\AutoSave102.csv
4139500000,-56.2120137733711,\AutoSave102.csv
4140000000,-58.5811923019006,\AutoSave102.csv
4140500000,-58.4226237095364,\AutoSave102.csv
4141000000,-58.8314287018992,\AutoSave102.csv
4141500000,-56.78465619767,\AutoSave102.csv
4142000000,-58.299311043627,\AutoSave102.csv
4142500000,-57.4271554751452,\AutoSave102.csv
4143000000,-58.8105281732307,\AutoSave102.csv
4143500000,-58.1657561498281,\AutoSave102.csv
4144000000,-58.3809744670793,\AutoSave102.csv
4144500000,-58.4737483182449,\AutoSave102.csv
4145000000,-59.194044236319,\AutoSave102.csv
4145500000,-58.7842811708997,\AutoSave102.csv
4146000000,-58.9612735902705,\AutoSave102.csv
4146500000,-58.8408932919558,\AutoSave102.csv
4147000000,-57.2180405396743,\AutoSave102.csv
4147500000,-59.0139125726338,\AutoSave102.csv
4148000000,-56.7811010098219,\AutoSave102.csv
4148500000,-57.4737475672665,\AutoSave102.csv
4149000000,-57.9094763007225,\AutoSave102.csv
4149500000,-58.546424044912,\AutoSave102.csv
4150000000,-56.4971518772073,\AutoSave102.csv
4150500000,-58.4881541556665,\AutoSave102.csv
4151000000,-58.294966422167,\AutoSave102.csv
4151500000,-58.4548947684746,\AutoSave102.csv
4152000000,-58.0871537617519,\AutoSave102.csv
4152500000,-58.5142689204197,\AutoSave102.csv
4153000000,-58.2845321689018,\AutoSave102.csv
4153500000,-57.694914591455,\AutoSave102.csv
4154000000,-57.4275451760423,\AutoSave102.csv
4154500000,-57.2770773716679,\AutoSave102.csv
4155000000,-58.5043454269063,\AutoSave102.csv
4155500000,-58.0861800563737,\AutoSave102.csv
4156000000,-57.8678596686203,\AutoSave102.csv
4156500000,-58.3963241710059,\AutoSave102.csv
4157000000,-58.0166607537859,\AutoSave102.csv
4157500000,-58.823178339214,\AutoSave102.csv
4158000000,-56.9097702442112,\AutoSave102.csv
4158500000,-58.5827148154751,\AutoSave102.csv
4159000000,-57.8265390271475,\AutoSave102.csv
4159500000,-58.8192490678314,\AutoSave102.csv
4160000000,-58.0424901447248,\AutoSave102.csv
4160500000,-57.6102181307032,\AutoSave102.csv
4161000000,-57.2698609999624,\AutoSave102.csv
4161500000,-57.9077782735701,\AutoSave102.csv
4162000000,-57.8501892280167,\AutoSave102.csv
4162500000,-58.5359522963766,\AutoSave102.csv
4163000000,-57.8367243729009,\AutoSave102.csv
4163500000,-58.0451701031197,\AutoSave102.csv
4164000000,-57.4476357269992,\AutoSave102.csv
4164500000,-57.315135901674,\AutoSave102.csv
4165000000,-57.5690536239147,\AutoSave102.csv
4165500000,-57.7216608651831,\AutoSave102.csv
4166000000,-58.4739943009285,\AutoSave102.csv
4166500000,-57.2264974029374,\AutoSave102.csv
4167000000,-57.7808393904455,\AutoSave102.csv
4167500000,-57.9457021196881,\AutoSave102.csv
4168000000,-57.4805706293494,\AutoSave102.csv
4168500000,-58.9775372695527,\AutoSave102.csv
4169000000,-58.4702755628927,\AutoSave102.csv
4169500000,-56.4676839703359,\AutoSave102.csv
4170000000,-57.8895094771036,\AutoSave102.csv
4170500000,-57.0082528592622,\AutoSave102.csv
4171000000,-56.9904497386786,\AutoSave102.csv
4171500000,-58.9638793660639,\AutoSave102.csv
4172000000,-56.8495287927793,\AutoSave102.csv
4172500000,-58.1039173480789,\AutoSave102.csv
4173000000,-56.5341254411943,\AutoSave102.csv
4173500000,-58.3941868289177,\AutoSave102.csv
4174000000,-58.556149920098,\AutoSave102.csv
4174500000,-57.4819030481535,\AutoSave102.csv
4175000000,-56.7673415975696,\AutoSave102.csv
4175500000,-57.9770914547877,\AutoSave102.csv
4176000000,-56.9711221198248,\AutoSave102.csv
4176500000,-58.0554972299054,\AutoSave102.csv
4177000000,-57.538425566399,\AutoSave102.csv
4177500000,-57.8244720265581,\AutoSave102.csv
4178000000,-57.6089663091603,\AutoSave102.csv
4178500000,-56.1527167139877,\AutoSave102.csv
4179000000,-56.9421719787539,\AutoSave102.csv
4179500000,-57.3377187987949,\AutoSave102.csv
4180000000,-57.9480459355666,\AutoSave102.csv
4180500000,-57.3049740368044,\AutoSave102.csv
4181000000,-57.1412441355476,\AutoSave102.csv
4181500000,-58.4978281833687,\AutoSave102.csv
4182000000,-58.5943792725366,\AutoSave102.csv
4182500000,-56.9752834265733,\AutoSave102.csv
4183000000,-58.0195062780195,\AutoSave102.csv
4183500000,-57.3566244950807,\AutoSave102.csv
4184000000,-58.2981467201754,\AutoSave102.csv
4184500000,-58.5783296564257,\AutoSave102.csv
4185000000,-56.8257789198223,\AutoSave102.csv
4185500000,-57.8691312702022,\AutoSave102.csv
4186000000,-57.9458611265688,\AutoSave102.csv
4186500000,-58.9088055901603,\AutoSave102.csv
4187000000,-58.1962449800756,\AutoSave102.csv
4187500000,-57.0022751158069,\AutoSave102.csv
4188000000,-57.0686196119626,\AutoSave102.csv
4188500000,-57.7313546207928,\AutoSave102.csv
4189000000,-57.4587305631436,\AutoSave102.csv
4189500000,-57.7838704734727,\AutoSave102.csv
4190000000,-58.3676076666752,\AutoSave102.csv
4190500000,-58.6179588344502,\AutoSave102.csv
4191000000,-57.1268844687572,\AutoSave102.csv
4191500000,-57.9550157189738,\AutoSave102.csv
4192000000,-58.1372390060013,\AutoSave102.csv
4192500000,-57.4273587652328,\AutoSave102.csv
4193000000,-56.3706178063387,\AutoSave102.csv
4193500000,-56.9474420345661,\AutoSave102.csv
4194000000,-56.9689968839504,\AutoSave102.csv
4194500000,-58.3758619929484,\AutoSave102.csv
4195000000,-57.6053165702662,\AutoSave102.csv
4195500000,-57.3088716684768,\AutoSave102.csv
4196000000,-58.7023475484395,\AutoSave102.csv
4196500000,-58.001358267339,\AutoSave102.csv
4197000000,-56.3886964526042,\AutoSave102.csv
4197500000,-57.0441447332917,\AutoSave102.csv
4198000000,-57.5380073157613,\AutoSave102.csv
4198500000,-57.9483298296545,\AutoSave102.csv
4199000000,-57.9311016115211,\AutoSave102.csv
4199500000,-56.8968455756007,\AutoSave102.csv
4200000000,-56.7458756476364,\AutoSave102.csv
4200500000,-57.9032192505201,\AutoSave102.csv
4201000000,-56.3998911570915,\AutoSave102.csv
4201500000,-57.9120885139176,\AutoSave102.csv
4202000000,-56.7593273647478,\AutoSave102.csv
4202500000,-57.6119314065293,\AutoSave102.csv
4203000000,-57.6276871883238,\AutoSave102.csv
4203500000,-58.1726391858252,\AutoSave102.csv
4204000000,-57.1413664650017,\AutoSave102.csv
4204500000,-58.5235494688697,\AutoSave102.csv
4205000000,-57.7059532626285,\AutoSave102.csv
4205500000,-55.5316127027088,\AutoSave102.csv
4206000000,-56.8438853782349,\AutoSave102.csv
4206500000,-57.6497678549617,\AutoSave102.csv
4207000000,-58.3927210145212,\AutoSave102.csv
4207500000,-56.4908720721245,\AutoSave102.csv
4208000000,-57.2940117987952,\AutoSave102.csv
4208500000,-57.0172485132916,\AutoSave102.csv
4209000000,-57.7383278978345,\AutoSave102.csv
4209500000,-56.4745805545568,\AutoSave102.csv
4210000000,-57.6805456365163,\AutoSave102.csv
4210500000,-58.1267808286939,\AutoSave102.csv
4211000000,-57.1040893656228,\AutoSave102.csv
4211500000,-57.3305215866269,\AutoSave102.csv
4212000000,-56.5629429022742,\AutoSave102.csv
4212500000,-58.1799650952071,\AutoSave102.csv
4213000000,-57.1287538428972,\AutoSave102.csv
4213500000,-57.813385117666,\AutoSave102.csv
4214000000,-58.0495222568829,\AutoSave102.csv
4214500000,-58.0783994074495,\AutoSave102.csv
4215000000,-57.6652087881409,\AutoSave102.csv
4215500000,-57.1316724170382,\AutoSave102.csv
4216000000,-57.826935918921,\AutoSave102.csv
4216500000,-58.1780954824823,\AutoSave102.csv
4217000000,-57.1339177009092,\AutoSave102.csv
4217500000,-56.3126735495342,\AutoSave102.csv
4218000000,-59.2517772295405,\AutoSave102.csv
4218500000,-56.6527909755667,\AutoSave102.csv
4219000000,-56.5417890824276,\AutoSave102.csv
4219500000,-57.0451195774003,\AutoSave102.csv
4220000000,-56.4421651857199,\AutoSave102.csv
4220500000,-57.4916020985337,\AutoSave102.csv
4221000000,-57.8065598152617,\AutoSave102.csv
4221500000,-56.808851325779,\AutoSave102.csv
4222000000,-57.7305524566997,\AutoSave102.csv
4222500000,-56.6441001957399,\AutoSave102.csv
4223000000,-56.8745494349895,\AutoSave102.csv
4223500000,-57.3999853659131,\AutoSave102.csv
4224000000,-56.52391716383,\AutoSave102.csv
4224500000,-55.4021994587442,\AutoSave102.csv
4225000000,-57.3788805966508,\AutoSave102.csv
4225500000,-58.0628451035616,\AutoSave102.csv
4226000000,-57.6647182801119,\AutoSave102.csv
4226500000,-57.2828852492725,\AutoSave102.csv
4227000000,-57.5727314857492,\AutoSave102.csv
4227500000,-57.4878869476269,\AutoSave102.csv
4228000000,-57.5423635257169,\AutoSave102.csv
4228500000,-57.041862029531,\AutoSave102.csv
4229000000,-55.9585473413504,\AutoSave102.csv
4229500000,-55.9760657539846,\AutoSave102.csv
4230000000,-56.6153711604157,\AutoSave102.csv
4230500000,-57.2340131154997,\AutoSave102.csv
4231000000,-57.2017419662985,\AutoSave102.csv
4231500000,-58.1704158849003,\AutoSave102.csv
4232000000,-58.0213354504639,\AutoSave102.csv
4232500000,-57.5091284275404,\AutoSave102.csv
4233000000,-57.3630958571409,\AutoSave102.csv
4233500000,-57.5578314545156,\AutoSave102.csv
4234000000,-56.4535406109634,\AutoSave102.csv
4234500000,-58.3417424458438,\AutoSave102.csv
4235000000,-58.5529333415589,\AutoSave102.csv
4235500000,-57.7684400407313,\AutoSave102.csv
4236000000,-58.0626476883948,\AutoSave102.csv
4236500000,-57.0080664250071,\AutoSave102.csv
4237000000,-56.2539974085057,\AutoSave102.csv
4237500000,-56.6412502962029,\AutoSave102.csv
4238000000,-56.6267706007674,\AutoSave102.csv
4238500000,-56.8523227341623,\AutoSave102.csv
4239000000,-55.7651482888615,\AutoSave102.csv
4239500000,-57.7711486256069,\AutoSave102.csv
4240000000,-58.6695835903574,\AutoSave102.csv
4240500000,-55.9498247393077,\AutoSave102.csv
4241000000,-55.1585975285428,\AutoSave102.csv
4241500000,-56.5908436329926,\AutoSave102.csv
4242000000,-57.1505357279406,\AutoSave102.csv
4242500000,-57.5407867861769,\AutoSave102.csv
4243000000,-56.9307907097147,\AutoSave102.csv
4243500000,-58.1870750140378,\AutoSave102.csv
4244000000,-57.754182261169,\AutoSave102.csv
4244500000,-56.3446267320151,\AutoSave102.csv
4245000000,-58.1111955769588,\AutoSave102.csv
4245500000,-57.9083533987013,\AutoSave102.csv
4246000000,-58.0011351912516,\AutoSave102.csv
4246500000,-55.4732119840637,\AutoSave102.csv
4247000000,-58.080293045944,\AutoSave102.csv
4247500000,-54.8021188820661,\AutoSave102.csv
4248000000,-56.1291292612501,\AutoSave102.csv
4248500000,-48.3044747319392,\AutoSave102.csv
4249000000,-47.0652404907167,\AutoSave102.csv
4249500000,-47.7401435192883,\AutoSave102.csv
4250000000,-47.9882301530602,\AutoSave102.csv
4250500000,-48.9114224216679,\AutoSave102.csv
4251000000,-52.0568111277631,\AutoSave102.csv
4251500000,-56.3424729406365,\AutoSave102.csv
4252000000,-57.9257379112931,\AutoSave102.csv
4252500000,-57.6690018891827,\AutoSave102.csv
4253000000,-57.8742388883584,\AutoSave102.csv
4253500000,-55.3023172422006,\AutoSave102.csv
4254000000,-52.9705469772526,\AutoSave102.csv
4254500000,-51.6200289641693,\AutoSave102.csv
4255000000,-48.5666101176284,\AutoSave102.csv
4255500000,-47.7079367884313,\AutoSave102.csv
4256000000,-56.8597476485193,\AutoSave102.csv
4256500000,-57.614575306471,\AutoSave102.csv
4257000000,-56.1300814276507,\AutoSave102.csv
4257500000,-55.4243272207563,\AutoSave102.csv
4258000000,-57.1200068922969,\AutoSave102.csv
4258500000,-57.5024700560095,\AutoSave102.csv
4259000000,-55.9012172245143,\AutoSave102.csv
4259500000,-58.0911508022153,\AutoSave102.csv
4260000000,-57.9105681820103,\AutoSave102.csv
4260500000,-56.5892196317544,\AutoSave102.csv
4261000000,-55.5993860605807,\AutoSave102.csv
4261500000,-57.5642205269723,\AutoSave102.csv
4262000000,-55.7456115530605,\AutoSave102.csv
4262500000,-53.77039102654,\AutoSave102.csv
4263000000,-51.7870950960386,\AutoSave102.csv
4263500000,-51.1229349033366,\AutoSave102.csv
4264000000,-48.6946369523334,\AutoSave102.csv
4264500000,-48.0907516233941,\AutoSave102.csv
4265000000,-48.7465268027126,\AutoSave102.csv
4265500000,-47.9679256067354,\AutoSave102.csv
4266000000,-47.7389053761373,\AutoSave102.csv
4266500000,-47.3780537222632,\AutoSave102.csv
4267000000,-47.7768868968271,\AutoSave102.csv
4267500000,-49.1796397027538,\AutoSave102.csv
4268000000,-48.4408987441894,\AutoSave102.csv
4268500000,-50.54646353186,\AutoSave102.csv
4269000000,-53.7947764202146,\AutoSave102.csv
4269500000,-57.0902598891512,\AutoSave102.csv
4270000000,-56.3011378664961,\AutoSave102.csv
4270500000,-57.3051782599,\AutoSave102.csv
4271000000,-56.9158773712177,\AutoSave102.csv
4271500000,-57.7337390686772,\AutoSave102.csv
4272000000,-56.5744862169424,\AutoSave102.csv
4272500000,-57.2056408404162,\AutoSave102.csv
4273000000,-56.1713319231365,\AutoSave102.csv
4273500000,-56.8738076357176,\AutoSave102.csv
4274000000,-55.492513726467,\AutoSave102.csv
4274500000,-57.1302671342771,\AutoSave102.csv
4275000000,-55.8909673071195,\AutoSave102.csv
4275500000,-58.1047870151065,\AutoSave102.csv
4276000000,-57.5853178763765,\AutoSave102.csv
4276500000,-57.7743567993815,\AutoSave102.csv
4277000000,-58.0355089585525,\AutoSave102.csv
4277500000,-57.8271428402973,\AutoSave102.csv
4278000000,-56.702409075286,\AutoSave102.csv
4278500000,-57.304432808041,\AutoSave102.csv
4279000000,-56.6793985931695,\AutoSave102.csv
4279500000,-57.5520458817575,\AutoSave102.csv
4280000000,-58.7244217060352,\AutoSave102.csv
4280500000,-55.0092438971724,\AutoSave102.csv
4281000000,-52.78535695777,\AutoSave102.csv
4281500000,-49.6539252136058,\AutoSave102.csv
4282000000,-49.9424683399542,\AutoSave102.csv
4282500000,-47.1141636019314,\AutoSave102.csv
4283000000,-50.3441734814811,\AutoSave102.csv
4283500000,-50.339414212079,\AutoSave102.csv
4284000000,-53.2769260958326,\AutoSave102.csv
4284500000,-56.5137319816218,\AutoSave102.csv
4285000000,-56.6478638643248,\AutoSave102.csv
4285500000,-57.0507547239058,\AutoSave102.csv
4286000000,-56.6165178114574,\AutoSave102.csv
4286500000,-57.4192381533393,\AutoSave102.csv
4287000000,-57.9232777451679,\AutoSave102.csv
4287500000,-56.7563406243675,\AutoSave102.csv
4288000000,-56.349103973717,\AutoSave102.csv
4288500000,-57.3897155668168,\AutoSave102.csv
4289000000,-57.1859947721789,\AutoSave102.csv
4289500000,-58.2414843580564,\AutoSave102.csv
4290000000,-57.7687273848662,\AutoSave102.csv
4290500000,-56.9361328929032,\AutoSave102.csv
4291000000,-57.2807762721386,\AutoSave102.csv
4291500000,-55.9754109336847,\AutoSave102.csv
4292000000,-57.009564760034,\AutoSave102.csv
4292500000,-55.8088285119964,\AutoSave102.csv
4293000000,-56.7022437827071,\AutoSave102.csv
4293500000,-56.4595692927892,\AutoSave102.csv
4294000000,-55.773814259787,\AutoSave102.csv
4294500000,-57.7378340208482,\AutoSave102.csv
4295000000,-56.1547943408749,\AutoSave102.csv
4295500000,-56.8757428234678,\AutoSave102.csv
4296000000,-57.0533529564577,\AutoSave102.csv
4296500000,-57.2082254480104,\AutoSave102.csv
4297000000,-56.466120501897,\AutoSave102.csv
4297500000,-56.9444392977979,\AutoSave102.csv
4298000000,-57.6643839425727,\AutoSave102.csv
4298500000,-57.0946460654764,\AutoSave102.csv
4299000000,-56.0975038798424,\AutoSave102.csv
4299500000,-52.5402142048202,\AutoSave102.csv
4300000000,-51.4094349308838,\AutoSave102.csv
4300500000,-51.0135594667587,\AutoSave102.csv
4301000000,-47.5970668613461,\AutoSave102.csv
4301500000,-49.2230772512361,\AutoSave102.csv
4302000000,-49.3268976686291,\AutoSave102.csv
4302500000,-47.6718883675004,\AutoSave102.csv
4303000000,-46.530671516574,\AutoSave102.csv
4303500000,-48.5250314964544,\AutoSave102.csv
4304000000,-49.3680604859424,\AutoSave102.csv
4304500000,-49.7310390199659,\AutoSave102.csv
4305000000,-52.9164337094681,\AutoSave102.csv
4305500000,-54.7104543215389,\AutoSave102.csv
4306000000,-56.8679131868002,\AutoSave102.csv
4306500000,-53.9411173124599,\AutoSave102.csv
4307000000,-57.0083542305727,\AutoSave102.csv
4307500000,-54.8743852980932,\AutoSave102.csv
4308000000,-54.6607628837063,\AutoSave102.csv
4308500000,-57.1180642784481,\AutoSave102.csv
4309000000,-57.3958165704406,\AutoSave102.csv
4309500000,-56.6722707522307,\AutoSave102.csv
4310000000,-56.6556708629785,\AutoSave102.csv
4310500000,-56.3215849396994,\AutoSave102.csv
4311000000,-56.3112484642858,\AutoSave102.csv
4311500000,-57.0307063609294,\AutoSave102.csv
4312000000,-56.9098552247031,\AutoSave102.csv
4312500000,-56.9507317780573,\AutoSave102.csv
4313000000,-56.0805798043649,\AutoSave102.csv
4313500000,-57.4770505877658,\AutoSave102.csv
4314000000,-57.5297497438606,\AutoSave102.csv
4314500000,-57.3978934012117,\AutoSave102.csv
4315000000,-57.0761963908192,\AutoSave102.csv
4315500000,-56.7962116685673,\AutoSave102.csv
4316000000,-56.8739930815525,\AutoSave102.csv
4316500000,-57.4838411150213,\AutoSave102.csv
4317000000,-57.5650009907911,\AutoSave102.csv
4317500000,-56.0785421952177,\AutoSave102.csv
4318000000,-57.6603683084542,\AutoSave102.csv
4318500000,-57.1901204228097,\AutoSave102.csv
4319000000,-57.1030351952623,\AutoSave102.csv
4319500000,-57.7110342575631,\AutoSave102.csv
4320000000,-56.3446215268013,\AutoSave102.csv
4320500000,-57.6386092537915,\AutoSave102.csv
4321000000,-57.5754166476606,\AutoSave102.csv
4321500000,-58.1523217870227,\AutoSave102.csv
4322000000,-57.0130631542738,\AutoSave102.csv
4322500000,-57.6560691331501,\AutoSave102.csv
4323000000,-55.0947631901209,\AutoSave102.csv
4323500000,-57.0425116250429,\AutoSave102.csv
4324000000,-56.7160338356276,\AutoSave102.csv
4324500000,-56.2470569058821,\AutoSave102.csv
4325000000,-57.0661746781395,\AutoSave102.csv
4325500000,-56.9586778036188,\AutoSave102.csv
4326000000,-55.8271506159705,\AutoSave102.csv
4326500000,-56.4352569736252,\AutoSave102.csv
4327000000,-56.0557736024608,\AutoSave102.csv
4327500000,-57.0294097828484,\AutoSave102.csv
4328000000,-56.7635045403973,\AutoSave102.csv
4328500000,-55.7858936837707,\AutoSave102.csv
4329000000,-56.2926039507788,\AutoSave102.csv
4329500000,-56.7235666099976,\AutoSave102.csv
4330000000,-57.2120644455704,\AutoSave102.csv
4330500000,-57.8111108304893,\AutoSave102.csv
4331000000,-56.1625614110842,\AutoSave102.csv
4331500000,-56.044560578746,\AutoSave102.csv
4332000000,-56.6066159235434,\AutoSave102.csv
4332500000,-56.4993575530782,\AutoSave102.csv
4333000000,-55.8351008786834,\AutoSave102.csv
4333500000,-56.9743793027287,\AutoSave102.csv
4334000000,-56.7771805753305,\AutoSave102.csv
4334500000,-56.1892931944583,\AutoSave102.csv
4335000000,-57.7606995719287,\AutoSave102.csv
4335500000,-57.2598427671004,\AutoSave102.csv
4336000000,-56.972961692454,\AutoSave102.csv
4336500000,-57.3729933830054,\AutoSave102.csv
4337000000,-55.7818343787053,\AutoSave102.csv
4337500000,-56.862230847056,\AutoSave102.csv
4338000000,-55.1449260460794,\AutoSave102.csv
4338500000,-46.1985762624192,\AutoSave102.csv
4339000000,-47.2593526384405,\AutoSave102.csv
4339500000,-48.9103793683819,\AutoSave102.csv
4340000000,-50.7170960674531,\AutoSave102.csv
4340500000,-51.1738984592224,\AutoSave102.csv
4341000000,-55.384522213333,\AutoSave102.csv
4341500000,-56.7475368887236,\AutoSave102.csv
4342000000,-56.0759969023934,\AutoSave102.csv
4342500000,-57.0193929551662,\AutoSave102.csv
4343000000,-57.2910789538243,\AutoSave102.csv
4343500000,-58.0595477225357,\AutoSave102.csv
4344000000,-57.1908795526994,\AutoSave102.csv
4344500000,-54.6369707126025,\AutoSave102.csv
4345000000,-57.0778291068938,\AutoSave102.csv
4345500000,-56.4878928144214,\AutoSave102.csv
4346000000,-57.1409459604926,\AutoSave102.csv
4346500000,-56.2205411955092,\AutoSave102.csv
4347000000,-56.80833519779,\AutoSave102.csv
4347500000,-57.7230921555134,\AutoSave102.csv
4348000000,-57.4795979029849,\AutoSave102.csv
4348500000,-57.4764863525534,\AutoSave102.csv
4349000000,-56.5727297798718,\AutoSave102.csv
4349500000,-57.1829541233674,\AutoSave102.csv
4350000000,-57.1725236752907,\AutoSave102.csv
4350500000,-55.6170411460224,\AutoSave102.csv
4351000000,-56.7548876155062,\AutoSave102.csv
4351500000,-55.8226030828177,\AutoSave102.csv
4352000000,-57.0461504253823,\AutoSave102.csv
4352500000,-56.8914453480955,\AutoSave102.csv
4353000000,-56.5423909170364,\AutoSave102.csv
4353500000,-56.2733670444377,\AutoSave102.csv
4354000000,-57.6377746177037,\AutoSave102.csv
4354500000,-54.6887804816045,\AutoSave102.csv
4355000000,-57.3674787716578,\AutoSave102.csv
4355500000,-57.9014260791567,\AutoSave102.csv
4356000000,-56.3293661833839,\AutoSave102.csv
4356500000,-56.9471927395479,\AutoSave102.csv
4357000000,-57.3667748095701,\AutoSave102.csv
4357500000,-54.3605839294672,\AutoSave102.csv
4358000000,-56.5133219891781,\AutoSave102.csv
4358500000,-55.0117333211282,\AutoSave102.csv
4359000000,-56.089971960862,\AutoSave102.csv
4359500000,-56.6502744364744,\AutoSave102.csv
4360000000,-57.4572102531201,\AutoSave102.csv
4360500000,-56.505262345313,\AutoSave102.csv
4361000000,-56.2577861487394,\AutoSave102.csv
4361500000,-56.0854259516557,\AutoSave102.csv
4362000000,-56.5216327358369,\AutoSave102.csv
4362500000,-57.1129055987431,\AutoSave102.csv
4363000000,-55.9281206449507,\AutoSave102.csv
4363500000,-56.987296751367,\AutoSave102.csv
4364000000,-57.4731827027505,\AutoSave102.csv
4364500000,-54.3685875958234,\AutoSave102.csv
4365000000,-55.8715909662968,\AutoSave102.csv
4365500000,-57.7777381536549,\AutoSave102.csv
4366000000,-57.377519986694,\AutoSave102.csv
4366500000,-56.0510649055544,\AutoSave102.csv
4367000000,-56.4084832609123,\AutoSave102.csv
4367500000,-57.6576156928489,\AutoSave102.csv
4368000000,-56.5619659952251,\AutoSave102.csv
4368500000,-57.925352923013,\AutoSave102.csv
4369000000,-56.0508861287142,\AutoSave102.csv
4369500000,-57.1628573209935,\AutoSave102.csv
4370000000,-57.8554473779541,\AutoSave102.csv
4370500000,-56.686448160207,\AutoSave102.csv
4371000000,-56.2120478842313,\AutoSave102.csv
4371500000,-58.3372875549001,\AutoSave102.csv
4372000000,-56.5477912760527,\AutoSave102.csv
4372500000,-57.6778226028971,\AutoSave102.csv
4373000000,-56.4176612264808,\AutoSave102.csv
4373500000,-55.8213127825282,\AutoSave102.csv
4374000000,-56.8511994030012,\AutoSave102.csv
4374500000,-56.9790676807312,\AutoSave102.csv
4375000000,-57.2781218249111,\AutoSave102.csv
4375500000,-57.3102118036202,\AutoSave102.csv
4376000000,-56.879099692358,\AutoSave102.csv
4376500000,-57.2563512965782,\AutoSave102.csv
4377000000,-57.3789659070433,\AutoSave102.csv
4377500000,-55.3780555973858,\AutoSave102.csv
4378000000,-56.8687115933417,\AutoSave102.csv
4378500000,-57.6388610944852,\AutoSave102.csv
4379000000,-56.4096288435284,\AutoSave102.csv
4379500000,-57.2027921785221,\AutoSave102.csv
4380000000,-56.4177884537744,\AutoSave102.csv
4380500000,-54.9874446975856,\AutoSave102.csv
4381000000,-56.5489937146524,\AutoSave102.csv
4381500000,-56.976386922233,\AutoSave102.csv
4382000000,-56.9813220254565,\AutoSave102.csv
4382500000,-56.8744794793612,\AutoSave102.csv
4383000000,-56.307457626478,\AutoSave102.csv
4383500000,-58.1662964281558,\AutoSave102.csv
4384000000,-56.3027004609385,\AutoSave102.csv
4384500000,-56.6337222148167,\AutoSave102.csv
4385000000,-56.5666327075849,\AutoSave102.csv
4385500000,-56.728962673427,\AutoSave102.csv
4386000000,-57.2567358897828,\AutoSave102.csv
4386500000,-56.7776827784708,\AutoSave102.csv
4387000000,-56.6239856924979,\AutoSave102.csv
4387500000,-57.3878631400579,\AutoSave102.csv
4388000000,-56.9091866629627,\AutoSave102.csv
4388500000,-57.4342115677344,\AutoSave102.csv
4389000000,-57.0407664485543,\AutoSave102.csv
4389500000,-56.6847378059989,\AutoSave102.csv
4390000000,-57.3292945463579,\AutoSave102.csv
4390500000,-55.1947903627308,\AutoSave102.csv
4391000000,-57.2545914674156,\AutoSave102.csv
4391500000,-55.2808677621443,\AutoSave102.csv
4392000000,-56.5367910521769,\AutoSave102.csv
4392500000,-57.2518853102277,\AutoSave102.csv
4393000000,-56.3510184630527,\AutoSave102.csv
4393500000,-57.4948548724174,\AutoSave102.csv
4394000000,-57.1564322141455,\AutoSave102.csv
4394500000,-56.7869196018875,\AutoSave102.csv
4395000000,-57.2179624089251,\AutoSave102.csv
4395500000,-57.2465984673688,\AutoSave102.csv
4396000000,-56.8732853029116,\AutoSave102.csv
4396500000,-56.7769329063072,\AutoSave102.csv
4397000000,-56.7560501570549,\AutoSave102.csv
4397500000,-57.6236722679017,\AutoSave102.csv
4398000000,-56.5345495877306,\AutoSave102.csv
4398500000,-55.8850118789479,\AutoSave102.csv
4399000000,-56.3130159230331,\AutoSave102.csv
4399500000,-55.9496098436175,\AutoSave102.csv
4400000000,-56.177076305227,\AutoSave102.csv
4400500000,-54.6200832129244,\AutoSave102.csv
4401000000,-56.1147968494777,\AutoSave102.csv
4401500000,-58.4101864808241,\AutoSave102.csv
4402000000,-57.0635436642568,\AutoSave102.csv
4402500000,-56.7732517136299,\AutoSave102.csv
4403000000,-57.1435656271566,\AutoSave102.csv
4403500000,-57.9122159212308,\AutoSave102.csv
4404000000,-56.4900091092956,\AutoSave102.csv
4404500000,-56.5107088152483,\AutoSave102.csv
4405000000,-55.9745407159231,\AutoSave102.csv
4405500000,-57.5805043259812,\AutoSave102.csv
4406000000,-58.3133281764655,\AutoSave102.csv
4406500000,-56.5512317772808,\AutoSave102.csv
4407000000,-56.7386380966962,\AutoSave102.csv
4407500000,-56.2697840176697,\AutoSave102.csv
4408000000,-57.5901740855356,\AutoSave102.csv
4408500000,-57.1293650450201,\AutoSave102.csv
4409000000,-56.3376076932824,\AutoSave102.csv
4409500000,-55.0899510032998,\AutoSave102.csv
4410000000,-56.4705687432241,\AutoSave102.csv
4410500000,-55.501355999813,\AutoSave102.csv
4411000000,-57.7765089554259,\AutoSave102.csv
4411500000,-57.130719413021,\AutoSave102.csv
4412000000,-57.6195409050885,\AutoSave102.csv
4412500000,-56.4655447328059,\AutoSave102.csv
4413000000,-57.7811005964433,\AutoSave102.csv
4413500000,-56.53908118285,\AutoSave102.csv
4414000000,-56.2266743057163,\AutoSave102.csv
4414500000,-57.2767415484358,\AutoSave102.csv
4415000000,-57.9006576012497,\AutoSave102.csv
4415500000,-56.7589409876219,\AutoSave102.csv
4416000000,-56.5837975642502,\AutoSave102.csv
4416500000,-57.0489741402629,\AutoSave102.csv
4417000000,-57.7565608852178,\AutoSave102.csv
4417500000,-57.8327605043579,\AutoSave102.csv
4418000000,-57.2491962429064,\AutoSave102.csv
4418500000,-55.7944847580257,\AutoSave102.csv
4419000000,-56.4146933286884,\AutoSave102.csv
4419500000,-57.2411853672637,\AutoSave102.csv
4420000000,-56.9606042843569,\AutoSave102.csv
4420500000,-55.3494745145462,\AutoSave102.csv
4421000000,-57.3247157573806,\AutoSave102.csv
4421500000,-54.9944130837142,\AutoSave102.csv
4422000000,-56.6331618706162,\AutoSave102.csv
4422500000,-57.8173946672332,\AutoSave102.csv
4423000000,-57.3246721578956,\AutoSave102.csv
4423500000,-56.6715170652141,\AutoSave102.csv
4424000000,-58.1533705857909,\AutoSave102.csv
4424500000,-57.6879431414775,\AutoSave102.csv
4425000000,-56.4728047361118,\AutoSave102.csv
4425500000,-56.8335537381805,\AutoSave102.csv
4426000000,-56.6269185185425,\AutoSave102.csv
4426500000,-57.1534838336969,\AutoSave102.csv
4427000000,-56.0832953870026,\AutoSave102.csv
4427500000,-55.7623480514326,\AutoSave102.csv
4428000000,-57.1251024894808,\AutoSave102.csv
4428500000,-56.4803309223826,\AutoSave102.csv
4429000000,-57.8679974485095,\AutoSave102.csv
4429500000,-57.4387201556782,\AutoSave102.csv
4430000000,-56.9357992304082,\AutoSave102.csv
4430500000,-56.8008240821579,\AutoSave102.csv
4431000000,-56.5052428773094,\AutoSave102.csv
4431500000,-56.222981996219,\AutoSave102.csv
4432000000,-56.7460150003822,\AutoSave102.csv
4432500000,-56.1485200033949,\AutoSave102.csv
4433000000,-57.1011339067389,\AutoSave102.csv
4433500000,-55.2148440174459,\AutoSave102.csv
4434000000,-56.6902509532448,\AutoSave102.csv
4434500000,-57.3186912076157,\AutoSave102.csv
4435000000,-55.8691687548179,\AutoSave102.csv
4435500000,-56.8574745370649,\AutoSave102.csv
4436000000,-55.9364774648847,\AutoSave102.csv
4436500000,-56.3715497036878,\AutoSave102.csv
4437000000,-56.263344569096,\AutoSave102.csv
4437500000,-56.5422446018088,\AutoSave102.csv
4438000000,-55.841913035842,\AutoSave102.csv
4438500000,-56.5199801749533,\AutoSave102.csv
4439000000,-57.0836969072719,\AutoSave102.csv
4439500000,-55.358637031054,\AutoSave102.csv
4440000000,-57.4745423991335,\AutoSave102.csv
4440500000,-54.8870360937095,\AutoSave102.csv
4441000000,-57.0210927489318,\AutoSave102.csv
4441500000,-57.2688584887008,\AutoSave102.csv
4442000000,-57.8979712678168,\AutoSave102.csv
4442500000,-57.6526326320126,\AutoSave102.csv
4443000000,-58.3269924529794,\AutoSave102.csv
4443500000,-56.8594735653006,\AutoSave102.csv
4444000000,-56.953369556504,\AutoSave102.csv
4444500000,-55.8879079415215,\AutoSave102.csv
4445000000,-56.3207055104739,\AutoSave102.csv
4445500000,-56.2488512071949,\AutoSave102.csv
4446000000,-56.703427711224,\AutoSave102.csv
4446500000,-57.0237404549612,\AutoSave102.csv
4447000000,-57.4584616069363,\AutoSave102.csv
4447500000,-57.3943709955509,\AutoSave102.csv
4448000000,-57.0732169312509,\AutoSave102.csv
4448500000,-57.1315619250909,\AutoSave102.csv
4449000000,-56.2941509537145,\AutoSave102.csv
4449500000,-57.7126574189823,\AutoSave102.csv
4450000000,-55.4510128289507,\AutoSave102.csv
4450500000,-55.628995420457,\AutoSave102.csv
4451000000,-56.5838459035443,\AutoSave102.csv
4451500000,-55.0747025185455,\AutoSave102.csv
4452000000,-57.0227107128652,\AutoSave102.csv
4452500000,-57.573306322653,\AutoSave102.csv
4453000000,-55.2734022787147,\AutoSave102.csv
4453500000,-57.0009282964547,\AutoSave102.csv
4454000000,-55.5937429350712,\AutoSave102.csv
4454500000,-56.7682226459297,\AutoSave102.csv
4455000000,-55.5378031660133,\AutoSave102.csv
4455500000,-56.217547788125,\AutoSave102.csv
4456000000,-57.549143315543,\AutoSave102.csv
4456500000,-57.6789461492324,\AutoSave102.csv
4457000000,-57.4045773072874,\AutoSave102.csv
4457500000,-56.2571714161426,\AutoSave102.csv
4458000000,-57.0867333546844,\AutoSave102.csv
4458500000,-55.2988253462778,\AutoSave102.csv
4459000000,-56.5355356314406,\AutoSave102.csv
4459500000,-56.228920499038,\AutoSave102.csv
4460000000,-56.5067700483281,\AutoSave102.csv
4460500000,-56.4509199867227,\AutoSave102.csv
4461000000,-56.0737254122062,\AutoSave102.csv
4461500000,-57.2452223766631,\AutoSave102.csv
4462000000,-56.8512281432001,\AutoSave102.csv
4462500000,-57.784167845958,\AutoSave102.csv
4463000000,-56.4516629441014,\AutoSave102.csv
4463500000,-55.1273963631373,\AutoSave102.csv
4464000000,-56.185135441949,\AutoSave102.csv
4464500000,-56.2818991758881,\AutoSave102.csv
4465000000,-55.7635081000778,\AutoSave102.csv
4465500000,-57.4918227159581,\AutoSave102.csv
4466000000,-57.466736001827,\AutoSave102.csv
4466500000,-56.2310559540316,\AutoSave102.csv
4467000000,-55.4420095434948,\AutoSave102.csv
4467500000,-55.1991852344584,\AutoSave102.csv
4468000000,-55.2814098510294,\AutoSave102.csv
4468500000,-57.0894569017323,\AutoSave102.csv
4469000000,-58.069819626198,\AutoSave102.csv
4469500000,-57.6505741359208,\AutoSave102.csv
4470000000,-58.0104480691892,\AutoSave102.csv
4470500000,-58.1720601168017,\AutoSave102.csv
4471000000,-57.5350678580862,\AutoSave102.csv
4471500000,-57.0897081545308,\AutoSave102.csv
4472000000,-56.7437563456397,\AutoSave102.csv
4472500000,-57.5035723191382,\AutoSave102.csv
4473000000,-55.2235269121022,\AutoSave102.csv
4473500000,-55.7395082466504,\AutoSave102.csv
4474000000,-55.9007645546523,\AutoSave102.csv
4474500000,-58.3270228532533,\AutoSave102.csv
4475000000,-57.7840339676808,\AutoSave102.csv
4475500000,-56.8510951457426,\AutoSave102.csv
4476000000,-57.0199474668604,\AutoSave102.csv
4476500000,-56.9471070586317,\AutoSave102.csv
4477000000,-57.5073021148535,\AutoSave102.csv
4477500000,-56.820472163151,\AutoSave102.csv
4478000000,-56.7586147714595,\AutoSave102.csv
4478500000,-56.0485462352591,\AutoSave102.csv
4479000000,-58.2571452259905,\AutoSave102.csv
4479500000,-57.2099353285604,\AutoSave102.csv
4480000000,-56.3782732706737,\AutoSave102.csv
4480500000,-56.8441355561917,\AutoSave102.csv
4481000000,-55.8793318779436,\AutoSave102.csv
4481500000,-56.8268195507674,\AutoSave102.csv
4482000000,-56.6445349391503,\AutoSave102.csv
4482500000,-56.9080129669686,\AutoSave102.csv
4483000000,-56.1794813370781,\AutoSave102.csv
4483500000,-56.5374033038014,\AutoSave102.csv
4484000000,-57.1669471516169,\AutoSave102.csv
4484500000,-57.887110723065,\AutoSave102.csv
4485000000,-57.0572836195025,\AutoSave102.csv
4485500000,-56.2762554948526,\AutoSave102.csv
4486000000,-55.9765780631119,\AutoSave102.csv
4486500000,-56.1873871586692,\AutoSave102.csv
4487000000,-56.4343395694742,\AutoSave102.csv
4487500000,-56.5665703289809,\AutoSave102.csv
4488000000,-56.882644070913,\AutoSave102.csv
4488500000,-56.5707468174532,\AutoSave102.csv
4489000000,-56.696317672488,\AutoSave102.csv
4489500000,-57.1412828510594,\AutoSave102.csv
4490000000,-57.1659765459884,\AutoSave102.csv
4490500000,-55.7775223837695,\AutoSave102.csv
4491000000,-56.0060922042985,\AutoSave102.csv
4491500000,-57.4792840766641,\AutoSave102.csv
4492000000,-56.3624076637525,\AutoSave102.csv
4492500000,-56.4287704236666,\AutoSave102.csv
4493000000,-56.9760010674983,\AutoSave102.csv
4493500000,-57.1829121001397,\AutoSave102.csv
4494000000,-56.3759899273287,\AutoSave102.csv
4494500000,-57.0632757394716,\AutoSave102.csv
4495000000,-57.4236287100274,\AutoSave102.csv
4495500000,-56.4071453512004,\AutoSave102.csv
4496000000,-56.555039102857,\AutoSave102.csv
4496500000,-56.8169852665715,\AutoSave102.csv
4497000000,-56.9798285714526,\AutoSave102.csv
4497500000,-57.8494683575335,\AutoSave102.csv
4498000000,-56.8999823452585,\AutoSave102.csv
4498500000,-56.7548507293362,\AutoSave102.csv
4499000000,-56.6611444950855,\AutoSave102.csv
4499500000,-55.8622175987994,\AutoSave102.csv
4500000000,-56.5002702564536,\AutoSave102.csv
4000500000,-56.8711497341663,\AutoSave103.csv
4001000000,-59.6315655184485,\AutoSave103.csv
4001500000,-58.5300031507324,\AutoSave103.csv
4002000000,-57.8571533966007,\AutoSave103.csv
4002500000,-58.5888882839956,\AutoSave103.csv
4003000000,-58.3339828380257,\AutoSave103.csv
4003500000,-58.8117835260201,\AutoSave103.csv
4004000000,-58.177807896597,\AutoSave103.csv
4004500000,-57.2870882019112,\AutoSave103.csv
4005000000,-58.1188998649446,\AutoSave103.csv
4005500000,-59.1193390595757,\AutoSave103.csv
4006000000,-57.7320408154841,\AutoSave103.csv
4006500000,-58.4130195885269,\AutoSave103.csv
4007000000,-58.9497917042546,\AutoSave103.csv
4007500000,-57.2714124863782,\AutoSave103.csv
4008000000,-58.6082851380333,\AutoSave103.csv
4008500000,-58.181907093331,\AutoSave103.csv
4009000000,-57.4991987650153,\AutoSave103.csv
4009500000,-58.9729807751444,\AutoSave103.csv
4010000000,-58.7267465455701,\AutoSave103.csv
4010500000,-59.5819192454565,\AutoSave103.csv
4011000000,-58.8648605146673,\AutoSave103.csv
4011500000,-58.4257938110664,\AutoSave103.csv
4012000000,-58.6324505740122,\AutoSave103.csv
4012500000,-57.9374389158736,\AutoSave103.csv
4013000000,-58.5295955559604,\AutoSave103.csv
4013500000,-56.7223488932404,\AutoSave103.csv
4014000000,-58.2364862074903,\AutoSave103.csv
4014500000,-58.3527289650348,\AutoSave103.csv
4015000000,-57.8605738433694,\AutoSave103.csv
4015500000,-58.6363598965802,\AutoSave103.csv
4016000000,-58.5766978270355,\AutoSave103.csv
4016500000,-59.1005930650056,\AutoSave103.csv
4017000000,-58.9866125633207,\AutoSave103.csv
4017500000,-58.1128905271989,\AutoSave103.csv
4018000000,-58.2069018938014,\AutoSave103.csv
4018500000,-57.9957793799047,\AutoSave103.csv
4019000000,-57.7216258669154,\AutoSave103.csv
4019500000,-58.178901585523,\AutoSave103.csv
4020000000,-59.4139069242046,\AutoSave103.csv
4020500000,-57.6385498461103,\AutoSave103.csv
4021000000,-57.7201307912683,\AutoSave103.csv
4021500000,-58.807281122765,\AutoSave103.csv
4022000000,-57.3212086283555,\AutoSave103.csv
4022500000,-57.3829467798676,\AutoSave103.csv
4023000000,-58.1886372022133,\AutoSave103.csv
4023500000,-58.6106227593253,\AutoSave103.csv
4024000000,-58.3928548276231,\AutoSave103.csv
4024500000,-57.6709957362201,\AutoSave103.csv
4025000000,-58.79784907117,\AutoSave103.csv
4025500000,-57.4228284503097,\AutoSave103.csv
4026000000,-57.8342808818972,\AutoSave103.csv
4026500000,-58.842511676487,\AutoSave103.csv
4027000000,-58.0496684843042,\AutoSave103.csv
4027500000,-58.65064681718,\AutoSave103.csv
4028000000,-58.8323545391945,\AutoSave103.csv
4028500000,-57.8114462861848,\AutoSave103.csv
4029000000,-58.2254138036729,\AutoSave103.csv
4029500000,-59.2405210142958,\AutoSave103.csv
4030000000,-57.519287408347,\AutoSave103.csv
4030500000,-57.9906848904301,\AutoSave103.csv
4031000000,-58.9101912256756,\AutoSave103.csv
4031500000,-58.6395515715807,\AutoSave103.csv
4032000000,-58.9313514990931,\AutoSave103.csv
4032500000,-59.0693540680347,\AutoSave103.csv
4033000000,-58.9494754291468,\AutoSave103.csv
4033500000,-58.2479861988933,\AutoSave103.csv
4034000000,-56.8671560639111,\AutoSave103.csv
4034500000,-57.1654711923067,\AutoSave103.csv
4035000000,-59.3701462029629,\AutoSave103.csv
4035500000,-58.5898247333792,\AutoSave103.csv
4036000000,-58.7515735028405,\AutoSave103.csv
4036500000,-58.6238877665816,\AutoSave103.csv
4037000000,-58.3718807755881,\AutoSave103.csv
4037500000,-58.2159351416601,\AutoSave103.csv
4038000000,-58.3696469656306,\AutoSave103.csv
4038500000,-59.1980388551157,\AutoSave103.csv
4039000000,-59.0148029941281,\AutoSave103.csv
4039500000,-59.5681129197229,\AutoSave103.csv
4040000000,-59.0595842728461,\AutoSave103.csv
4040500000,-57.491456674123,\AutoSave103.csv
4041000000,-58.4441770845059,\AutoSave103.csv
4041500000,-59.2129550602744,\AutoSave103.csv
4042000000,-57.4322036646952,\AutoSave103.csv
4042500000,-58.9058713885104,\AutoSave103.csv
4043000000,-56.822107306444,\AutoSave103.csv
4043500000,-58.5845578510196,\AutoSave103.csv
4044000000,-57.8957826138025,\AutoSave103.csv
4044500000,-57.3290818763423,\AutoSave103.csv
4045000000,-58.3789879680687,\AutoSave103.csv
4045500000,-59.032167770666,\AutoSave103.csv
4046000000,-58.9669376888077,\AutoSave103.csv
4046500000,-58.1033797721177,\AutoSave103.csv
4047000000,-59.0604990279215,\AutoSave103.csv
4047500000,-58.4729114731169,\AutoSave103.csv
4048000000,-57.7405201474748,\AutoSave103.csv
4048500000,-57.7540195266266,\AutoSave103.csv
4049000000,-58.3689971760547,\AutoSave103.csv
4049500000,-56.4510669244007,\AutoSave103.csv
4050000000,-57.9141584330217,\AutoSave103.csv
4050500000,-58.5507515148044,\AutoSave103.csv
4051000000,-58.3360368793117,\AutoSave103.csv
4051500000,-58.0227047479954,\AutoSave103.csv
4052000000,-59.2182296714508,\AutoSave103.csv
4052500000,-57.4356434968063,\AutoSave103.csv
4053000000,-59.2094441973546,\AutoSave103.csv
4053500000,-58.016459508812,\AutoSave103.csv
4054000000,-59.1276858491228,\AutoSave103.csv
4054500000,-58.2116256567769,\AutoSave103.csv
4055000000,-58.3056856180125,\AutoSave103.csv
4055500000,-59.3971329961769,\AutoSave103.csv
4056000000,-58.8813823103181,\AutoSave103.csv
4056500000,-59.2360993384481,\AutoSave103.csv
4057000000,-57.8968068709082,\AutoSave103.csv
4057500000,-58.1633488048971,\AutoSave103.csv
4058000000,-58.3223868084026,\AutoSave103.csv
4058500000,-58.4156842935382,\AutoSave103.csv
4059000000,-58.0810475182481,\AutoSave103.csv
4059500000,-58.7951214470649,\AutoSave103.csv
4060000000,-58.5485840091204,\AutoSave103.csv
4060500000,-58.9101801977274,\AutoSave103.csv
4061000000,-58.2442966969156,\AutoSave103.csv
4061500000,-57.9216808563716,\AutoSave103.csv
4062000000,-56.9246705907133,\AutoSave103.csv
4062500000,-58.6414987739561,\AutoSave103.csv
4063000000,-58.6655036977468,\AutoSave103.csv
4063500000,-58.3323126894944,\AutoSave103.csv
4064000000,-58.6938516190428,\AutoSave103.csv
4064500000,-59.4452712354011,\AutoSave103.csv
4065000000,-57.6677170039551,\AutoSave103.csv
4065500000,-57.7601538429409,\AutoSave103.csv
4066000000,-57.6441330757901,\AutoSave103.csv
4066500000,-58.1613192705834,\AutoSave103.csv
4067000000,-58.2012250617065,\AutoSave103.csv
4067500000,-58.0099175782888,\AutoSave103.csv
4068000000,-57.4915647604423,\AutoSave103.csv
4068500000,-58.0156648303586,\AutoSave103.csv
4069000000,-58.1285116227843,\AutoSave103.csv
4069500000,-58.7314460177471,\AutoSave103.csv
4070000000,-59.3713249508309,\AutoSave103.csv
4070500000,-58.2015132035197,\AutoSave103.csv
4071000000,-57.9516047894866,\AutoSave103.csv
4071500000,-58.8347532185033,\AutoSave103.csv
4072000000,-56.9757121414894,\AutoSave103.csv
4072500000,-59.138424517017,\AutoSave103.csv
4073000000,-59.0498490956807,\AutoSave103.csv
4073500000,-57.7889723394524,\AutoSave103.csv
4074000000,-58.5604799795489,\AutoSave103.csv
4074500000,-57.9868186628281,\AutoSave103.csv
4075000000,-59.4399709909427,\AutoSave103.csv
4075500000,-59.271418214903,\AutoSave103.csv
4076000000,-58.600899570846,\AutoSave103.csv
4076500000,-58.5022842507333,\AutoSave103.csv
4077000000,-57.9880658135808,\AutoSave103.csv
4077500000,-59.6428281850007,\AutoSave103.csv
4078000000,-58.5463066126881,\AutoSave103.csv
4078500000,-59.2443799937737,\AutoSave103.csv
4079000000,-58.5256160354185,\AutoSave103.csv
4079500000,-57.5493202941298,\AutoSave103.csv
4080000000,-57.736641734814,\AutoSave103.csv
4080500000,-58.0432736184227,\AutoSave103.csv
4081000000,-57.9526424716781,\AutoSave103.csv
4081500000,-59.2088686207936,\AutoSave103.csv
4082000000,-58.3318278015054,\AutoSave103.csv
4082500000,-58.1327653738495,\AutoSave103.csv
4083000000,-58.4951537743747,\AutoSave103.csv
4083500000,-56.9445675567223,\AutoSave103.csv
4084000000,-59.1359485144511,\AutoSave103.csv
4084500000,-57.682101054118,\AutoSave103.csv
4085000000,-57.7160655654685,\AutoSave103.csv
4085500000,-57.578691586086,\AutoSave103.csv
4086000000,-57.9825970714427,\AutoSave103.csv
4086500000,-58.5271603203431,\AutoSave103.csv
4087000000,-59.5530197016112,\AutoSave103.csv
4087500000,-57.9087580053558,\AutoSave103.csv
4088000000,-58.5688525249713,\AutoSave103.csv
4088500000,-58.5528691024349,\AutoSave103.csv
4089000000,-58.0291542390819,\AutoSave103.csv
4089500000,-58.1505735101367,\AutoSave103.csv
4090000000,-58.2104833429509,\AutoSave103.csv
4090500000,-60.2290980034449,\AutoSave103.csv
4091000000,-57.2671055909734,\AutoSave103.csv
4091500000,-58.4453138529387,\AutoSave103.csv
4092000000,-58.7364735642216,\AutoSave103.csv
4092500000,-57.4940179189795,\AutoSave103.csv
4093000000,-57.9638083903365,\AutoSave103.csv
4093500000,-57.8898083267195,\AutoSave103.csv
4094000000,-57.0113571533122,\AutoSave103.csv
4094500000,-57.7414290015711,\AutoSave103.csv
4095000000,-56.858585495721,\AutoSave103.csv
4095500000,-58.6171752934727,\AutoSave103.csv
4096000000,-57.9296948373149,\AutoSave103.csv
4096500000,-57.922440461992,\AutoSave103.csv
4097000000,-58.1440761378903,\AutoSave103.csv
4097500000,-58.6494412704951,\AutoSave103.csv
4098000000,-57.4142083922882,\AutoSave103.csv
4098500000,-57.8204588941252,\AutoSave103.csv
4099000000,-57.110843193662,\AutoSave103.csv
4099500000,-58.9163395757303,\AutoSave103.csv
4100000000,-58.6346648752883,\AutoSave103.csv
4100500000,-57.6088680373759,\AutoSave103.csv
4101000000,-59.0337491245773,\AutoSave103.csv
4101500000,-58.5644461758924,\AutoSave103.csv
4102000000,-58.8803300183568,\AutoSave103.csv
4102500000,-57.3443678411402,\AutoSave103.csv
4103000000,-58.4320358229153,\AutoSave103.csv
4103500000,-56.48838760691,\AutoSave103.csv
4104000000,-58.6460980609926,\AutoSave103.csv
4104500000,-58.9601817389234,\AutoSave103.csv
4105000000,-57.9924063299195,\AutoSave103.csv
4105500000,-57.6412462846417,\AutoSave103.csv
4106000000,-57.7895354178241,\AutoSave103.csv
4106500000,-59.0196628906311,\AutoSave103.csv
4107000000,-57.6007619846142,\AutoSave103.csv
4107500000,-58.3591886344987,\AutoSave103.csv
4108000000,-57.8731512309215,\AutoSave103.csv
4108500000,-58.9063430902198,\AutoSave103.csv
4109000000,-59.4122581739256,\AutoSave103.csv
4109500000,-58.5453676632506,\AutoSave103.csv
4110000000,-58.9026588478824,\AutoSave103.csv
4110500000,-57.9338677778116,\AutoSave103.csv
4111000000,-57.0541352830774,\AutoSave103.csv
4111500000,-58.024987849018,\AutoSave103.csv
4112000000,-58.2076377678223,\AutoSave103.csv
4112500000,-57.8611379381042,\AutoSave103.csv
4113000000,-55.6343761991197,\AutoSave103.csv
4113500000,-58.5206337141918,\AutoSave103.csv
4114000000,-57.4608719524617,\AutoSave103.csv
4114500000,-57.239285691049,\AutoSave103.csv
4115000000,-58.4361291308553,\AutoSave103.csv
4115500000,-57.5358228864741,\AutoSave103.csv
4116000000,-58.6326260142462,\AutoSave103.csv
4116500000,-57.5234929019436,\AutoSave103.csv
4117000000,-57.4603140587479,\AutoSave103.csv
4117500000,-58.6398589749226,\AutoSave103.csv
4118000000,-57.7589870258317,\AutoSave103.csv
4118500000,-57.3947911620722,\AutoSave103.csv
4119000000,-58.0269807208824,\AutoSave103.csv
4119500000,-58.3831460542591,\AutoSave103.csv
4120000000,-58.4018937869284,\AutoSave103.csv
4120500000,-58.0727353394468,\AutoSave103.csv
4121000000,-57.9865191987864,\AutoSave103.csv
4121500000,-57.3988450405828,\AutoSave103.csv
4122000000,-58.1421022692679,\AutoSave103.csv
4122500000,-57.9672525650876,\AutoSave103.csv
4123000000,-56.2553204594711,\AutoSave103.csv
4123500000,-58.4121633345172,\AutoSave103.csv
4124000000,-59.1439291539258,\AutoSave103.csv
4124500000,-56.9371144015386,\AutoSave103.csv
4125000000,-58.2519557317626,\AutoSave103.csv
4125500000,-57.9277152731688,\AutoSave103.csv
4126000000,-57.7822759918724,\AutoSave103.csv
4126500000,-57.1814576151557,\AutoSave103.csv
4127000000,-59.0040229545386,\AutoSave103.csv
4127500000,-57.8362805626603,\AutoSave103.csv
4128000000,-59.171091380043,\AutoSave103.csv
4128500000,-58.0295565594891,\AutoSave103.csv
4129000000,-58.0014949022537,\AutoSave103.csv
4129500000,-58.0772559587567,\AutoSave103.csv
4130000000,-57.6156917181798,\AutoSave103.csv
4130500000,-58.2035728450699,\AutoSave103.csv
4131000000,-57.9977320910045,\AutoSave103.csv
4131500000,-57.466124527218,\AutoSave103.csv
4132000000,-57.8089967773448,\AutoSave103.csv
4132500000,-57.425415828683,\AutoSave103.csv
4133000000,-58.0175814665665,\AutoSave103.csv
4133500000,-58.0392720578696,\AutoSave103.csv
4134000000,-57.1641318962975,\AutoSave103.csv
4134500000,-58.2602250945188,\AutoSave103.csv
4135000000,-57.8516432702591,\AutoSave103.csv
4135500000,-57.6944132424695,\AutoSave103.csv
4136000000,-56.797805279623,\AutoSave103.csv
4136500000,-59.0652207019577,\AutoSave103.csv
4137000000,-58.5598034058776,\AutoSave103.csv
4137500000,-58.2341945115559,\AutoSave103.csv
4138000000,-56.3094204411045,\AutoSave103.csv
4138500000,-58.265840575517,\AutoSave103.csv
4139000000,-57.2464621833495,\AutoSave103.csv
4139500000,-56.2120137733711,\AutoSave103.csv
4140000000,-57.2212587372451,\AutoSave103.csv
4140500000,-58.4226237095364,\AutoSave103.csv
4141000000,-58.8314287018992,\AutoSave103.csv
4141500000,-56.78465619767,\AutoSave103.csv
4142000000,-58.299311043627,\AutoSave103.csv
4142500000,-57.4271554751452,\AutoSave103.csv
4143000000,-58.8089402191833,\AutoSave103.csv
4143500000,-57.4951585946815,\AutoSave103.csv
4144000000,-56.4265122485773,\AutoSave103.csv
4144500000,-58.4737483182449,\AutoSave103.csv
4145000000,-57.3468641463524,\AutoSave103.csv
4145500000,-58.7842811708997,\AutoSave103.csv
4146000000,-57.3965609861198,\AutoSave103.csv
4146500000,-56.1698134457718,\AutoSave103.csv
4147000000,-57.0567586601886,\AutoSave103.csv
4147500000,-59.0139125726338,\AutoSave103.csv
4148000000,-56.7811010098219,\AutoSave103.csv
4148500000,-57.4737475672665,\AutoSave103.csv
4149000000,-57.9094763007225,\AutoSave103.csv
4149500000,-58.546424044912,\AutoSave103.csv
4150000000,-56.4971518772073,\AutoSave103.csv
4150500000,-58.4881541556665,\AutoSave103.csv
4151000000,-58.294966422167,\AutoSave103.csv
4151500000,-58.4548947684746,\AutoSave103.csv
4152000000,-58.0871537617519,\AutoSave103.csv
4152500000,-58.5142689204197,\AutoSave103.csv
4153000000,-58.2845321689018,\AutoSave103.csv
4153500000,-57.694914591455,\AutoSave103.csv
4154000000,-57.4275451760423,\AutoSave103.csv
4154500000,-57.2770773716679,\AutoSave103.csv
4155000000,-58.5043454269063,\AutoSave103.csv
4155500000,-57.0489300330983,\AutoSave103.csv
4156000000,-57.8678596686203,\AutoSave103.csv
4156500000,-58.3963241710059,\AutoSave103.csv
4157000000,-58.0166607537859,\AutoSave103.csv
4157500000,-58.823178339214,\AutoSave103.csv
4158000000,-56.9097702442112,\AutoSave103.csv
4158500000,-58.5827148154751,\AutoSave103.csv
4159000000,-57.8265390271475,\AutoSave103.csv
4159500000,-58.4953171761117,\AutoSave103.csv
4160000000,-58.0424901447248,\AutoSave103.csv
4160500000,-57.6102181307032,\AutoSave103.csv
4161000000,-57.2698609999624,\AutoSave103.csv
4161500000,-57.9077782735701,\AutoSave103.csv
4162000000,-57.8501892280167,\AutoSave103.csv
4162500000,-57.9917388203612,\AutoSave103.csv
4163000000,-57.8367243729009,\AutoSave103.csv
4163500000,-58.0451701031197,\AutoSave103.csv
4164000000,-57.4476357269992,\AutoSave103.csv
4164500000,-57.315135901674,\AutoSave103.csv
4165000000,-57.4921169034254,\AutoSave103.csv
4165500000,-57.7216608651831,\AutoSave103.csv
4166000000,-57.7619374168384,\AutoSave103.csv
4166500000,-57.2264974029374,\AutoSave103.csv
4167000000,-56.8747501234682,\AutoSave103.csv
4167500000,-57.9457021196881,\AutoSave103.csv
4168000000,-57.4805706293494,\AutoSave103.csv
4168500000,-58.9775372695527,\AutoSave103.csv
4169000000,-58.4702755628927,\AutoSave103.csv
4169500000,-56.4676839703359,\AutoSave103.csv
4170000000,-57.8895094771036,\AutoSave103.csv
4170500000,-57.0082528592622,\AutoSave103.csv
4171000000,-56.9904497386786,\AutoSave103.csv
4171500000,-58.9638793660639,\AutoSave103.csv
4172000000,-56.8495287927793,\AutoSave103.csv
4172500000,-58.1039173480789,\AutoSave103.csv
4173000000,-56.5341254411943,\AutoSave103.csv
4173500000,-58.3941868289177,\AutoSave103.csv
4174000000,-58.556149920098,\AutoSave103.csv
4174500000,-57.4819030481535,\AutoSave103.csv
4175000000,-56.7673415975696,\AutoSave103.csv
4175500000,-57.9770914547877,\AutoSave103.csv
4176000000,-56.9711221198248,\AutoSave103.csv
4176500000,-58.0554972299054,\AutoSave103.csv
4177000000,-56.6461998970072,\AutoSave103.csv
4177500000,-57.8244720265581,\AutoSave103.csv
4178000000,-57.6089663091603,\AutoSave103.csv
4178500000,-56.1527167139877,\AutoSave103.csv
4179000000,-56.9421719787539,\AutoSave103.csv
4179500000,-57.3377187987949,\AutoSave103.csv
4180000000,-57.5675537744454,\AutoSave103.csv
4180500000,-57.3049740368044,\AutoSave103.csv
4181000000,-57.1412441355476,\AutoSave103.csv
4181500000,-58.3173899625078,\AutoSave103.csv
4182000000,-58.3432289846478,\AutoSave103.csv
4182500000,-56.9752834265733,\AutoSave103.csv
4183000000,-57.750469300665,\AutoSave103.csv
4183500000,-57.3566244950807,\AutoSave103.csv
4184000000,-57.8187604451101,\AutoSave103.csv
4184500000,-57.9284847800536,\AutoSave103.csv
4185000000,-56.8257789198223,\AutoSave103.csv
4185500000,-57.7947156170488,\AutoSave103.csv
4186000000,-57.9458611265688,\AutoSave103.csv
4186500000,-58.9088055901603,\AutoSave103.csv
4187000000,-58.1962449800756,\AutoSave103.csv
4187500000,-57.0022751158069,\AutoSave103.csv
4188000000,-57.0686196119626,\AutoSave103.csv
4188500000,-57.7313546207928,\AutoSave103.csv
4189000000,-57.4587305631436,\AutoSave103.csv
4189500000,-57.7838704734727,\AutoSave103.csv
4190000000,-58.3676076666752,\AutoSave103.csv
4190500000,-58.6179588344502,\AutoSave103.csv
4191000000,-57.0767823710947,\AutoSave103.csv
4191500000,-57.9550157189738,\AutoSave103.csv
4192000000,-58.1372390060013,\AutoSave103.csv
4192500000,-57.4273587652328,\AutoSave103.csv
4193000000,-56.3706178063387,\AutoSave103.csv
4193500000,-56.2851962051245,\AutoSave103.csv
4194000000,-56.9689968839504,\AutoSave103.csv
4194500000,-58.3758619929484,\AutoSave103.csv
4195000000,-57.6053165702662,\AutoSave103.csv
4195500000,-57.3088716684768,\AutoSave103.csv
4196000000,-57.6723084703854,\AutoSave103.csv
4196500000,-58.001358267339,\AutoSave103.csv
4197000000,-56.3886964526042,\AutoSave103.csv
4197500000,-57.0441447332917,\AutoSave103.csv
4198000000,-57.5380073157613,\AutoSave103.csv
4198500000,-57.9483298296545,\AutoSave103.csv
4199000000,-57.9311016115211,\AutoSave103.csv
4199500000,-56.8968455756007,\AutoSave103.csv
4200000000,-56.7458756476364,\AutoSave103.csv
4200500000,-57.9032192505201,\AutoSave103.csv
4201000000,-56.3998911570915,\AutoSave103.csv
4201500000,-57.9120885139176,\AutoSave103.csv
4202000000,-56.6810283265587,\AutoSave103.csv
4202500000,-57.6119314065293,\AutoSave103.csv
4203000000,-57.6276871883238,\AutoSave103.csv
4203500000,-58.1726391858252,\AutoSave103.csv
4204000000,-57.1413664650017,\AutoSave103.csv
4204500000,-58.5235494688697,\AutoSave103.csv
4205000000,-57.7059532626285,\AutoSave103.csv
4205500000,-55.5316127027088,\AutoSave103.csv
4206000000,-56.8438853782349,\AutoSave103.csv
4206500000,-57.6497678549617,\AutoSave103.csv
4207000000,-57.9937477622222,\AutoSave103.csv
4207500000,-56.4908720721245,\AutoSave103.csv
4208000000,-57.2940117987952,\AutoSave103.csv
4208500000,-56.5696726304271,\AutoSave103.csv
4209000000,-57.509441492484,\AutoSave103.csv
4209500000,-56.4745805545568,\AutoSave103.csv
4210000000,-57.6805456365163,\AutoSave103.csv
4210500000,-58.1267808286939,\AutoSave103.csv
4211000000,-57.1040893656228,\AutoSave103.csv
4211500000,-57.3305215866269,\AutoSave103.csv
4212000000,-56.5629429022742,\AutoSave103.csv
4212500000,-57.8623625614574,\AutoSave103.csv
4213000000,-57.1287538428972,\AutoSave103.csv
4213500000,-57.813385117666,\AutoSave103.csv
4214000000,-57.4909206585908,\AutoSave103.csv
4214500000,-58.0783994074495,\AutoSave103.csv
4215000000,-57.076825500857,\AutoSave103.csv
4215500000,-56.7332016485891,\AutoSave103.csv
4216000000,-57.826935918921,\AutoSave103.csv
4216500000,-58.1780954824823,\AutoSave103.csv
4217000000,-57.1339177009092,\AutoSave103.csv
4217500000,-56.3126735495342,\AutoSave103.csv
4218000000,-59.174842464163,\AutoSave103.csv
4218500000,-56.6527909755667,\AutoSave103.csv
4219000000,-56.5417890824276,\AutoSave103.csv
4219500000,-57.0411473385665,\AutoSave103.csv
4220000000,-56.4421651857199,\AutoSave103.csv
4220500000,-57.4916020985337,\AutoSave103.csv
4221000000,-57.4087039866935,\AutoSave103.csv
4221500000,-56.808851325779,\AutoSave103.csv
4222000000,-57.7305524566997,\AutoSave103.csv
4222500000,-56.6441001957399,\AutoSave103.csv
4223000000,-56.8745494349895,\AutoSave103.csv
4223500000,-57.3999853659131,\AutoSave103.csv
4224000000,-56.52391716383,\AutoSave103.csv
4224500000,-55.4021994587442,\AutoSave103.csv
4225000000,-57.3788805966508,\AutoSave103.csv
4225500000,-58.0628451035616,\AutoSave103.csv
4226000000,-57.6647182801119,\AutoSave103.csv
4226500000,-57.2828852492725,\AutoSave103.csv
4227000000,-57.1494223066562,\AutoSave103.csv
4227500000,-57.4878869476269,\AutoSave103.csv
4228000000,-57.5423635257169,\AutoSave103.csv
4228500000,-57.041862029531,\AutoSave103.csv
4229000000,-55.9585473413504,\AutoSave103.csv
4229500000,-55.9760657539846,\AutoSave103.csv
4230000000,-56.6153711604157,\AutoSave103.csv
4230500000,-57.2340131154997,\AutoSave103.csv
4231000000,-57.2017419662985,\AutoSave103.csv
4231500000,-58.1704158849003,\AutoSave103.csv
4232000000,-57.8127753149262,\AutoSave103.csv
4232500000,-57.5091284275404,\AutoSave103.csv
4233000000,-57.3630958571409,\AutoSave103.csv
4233500000,-57.0959319235334,\AutoSave103.csv
4234000000,-56.4535406109634,\AutoSave103.csv
4234500000,-58.3417424458438,\AutoSave103.csv
4235000000,-58.5529333415589,\AutoSave103.csv
4235500000,-57.0569679480505,\AutoSave103.csv
4236000000,-58.0626476883948,\AutoSave103.csv
4236500000,-57.0080664250071,\AutoSave103.csv
4237000000,-56.2539974085057,\AutoSave103.csv
4237500000,-56.6412502962029,\AutoSave103.csv
4238000000,-56.6267706007674,\AutoSave103.csv
4238500000,-56.8523227341623,\AutoSave103.csv
4239000000,-55.7651482888615,\AutoSave103.csv
4239500000,-57.6924495623807,\AutoSave103.csv
4240000000,-58.6695835903574,\AutoSave103.csv
4240500000,-55.9498247393077,\AutoSave103.csv
4241000000,-55.1585975285428,\AutoSave103.csv
4241500000,-56.5908436329926,\AutoSave103.csv
4242000000,-57.1505357279406,\AutoSave103.csv
4242500000,-57.1439882318145,\AutoSave103.csv
4243000000,-56.9307907097147,\AutoSave103.csv
4243500000,-58.1870750140378,\AutoSave103.csv
4244000000,-57.4340949097285,\AutoSave103.csv
4244500000,-56.3446267320151,\AutoSave103.csv
4245000000,-58.1111955769588,\AutoSave103.csv
4245500000,-57.7704666741297,\AutoSave103.csv
4246000000,-57.4967597170341,\AutoSave103.csv
4246500000,-55.4732119840637,\AutoSave103.csv
4247000000,-58.080293045944,\AutoSave103.csv
4247500000,-54.8021188820661,\AutoSave103.csv
4248000000,-56.1291292612501,\AutoSave103.csv
4248500000,-48.3044747319392,\AutoSave103.csv
4249000000,-47.0652404907167,\AutoSave103.csv
4249500000,-47.7401435192883,\AutoSave103.csv
4250000000,-47.9882301530602,\AutoSave103.csv
4250500000,-48.9114224216679,\AutoSave103.csv
4251000000,-52.0568111277631,\AutoSave103.csv
4251500000,-56.3424729406365,\AutoSave103.csv
4252000000,-57.9257379112931,\AutoSave103.csv
4252500000,-57.6690018891827,\AutoSave103.csv
4253000000,-57.8742388883584,\AutoSave103.csv
4253500000,-55.3023172422006,\AutoSave103.csv
4254000000,-52.9705469772526,\AutoSave103.csv
4254500000,-51.6200289641693,\AutoSave103.csv
4255000000,-48.5666101176284,\AutoSave103.csv
4255500000,-47.7079367884313,\AutoSave103.csv
4256000000,-56.8597476485193,\AutoSave103.csv
4256500000,-57.5101974291025,\AutoSave103.csv
4257000000,-56.1300814276507,\AutoSave103.csv
4257500000,-55.4243272207563,\AutoSave103.csv
4258000000,-57.1200068922969,\AutoSave103.csv
4258500000,-57.5024700560095,\AutoSave103.csv
4259000000,-55.9012172245143,\AutoSave103.csv
4259500000,-55.422927501885,\AutoSave103.csv
4260000000,-57.4951227496174,\AutoSave103.csv
4260500000,-56.5892196317544,\AutoSave103.csv
4261000000,-55.5993860605807,\AutoSave103.csv
4261500000,-57.5642205269723,\AutoSave103.csv
4262000000,-55.7456115530605,\AutoSave103.csv
4262500000,-53.77039102654,\AutoSave103.csv
4263000000,-51.7870950960386,\AutoSave103.csv
4263500000,-51.1229349033366,\AutoSave103.csv
4264000000,-48.6946369523334,\AutoSave103.csv
4264500000,-48.0907516233941,\AutoSave103.csv
4265000000,-48.7465268027126,\AutoSave103.csv
4265500000,-47.9679256067354,\AutoSave103.csv
4266000000,-47.7389053761373,\AutoSave103.csv
4266500000,-47.3780537222632,\AutoSave103.csv
4267000000,-47.7768868968271,\AutoSave103.csv
4267500000,-49.1796397027538,\AutoSave103.csv
4268000000,-48.4408987441894,\AutoSave103.csv
4268500000,-50.54646353186,\AutoSave103.csv
4269000000,-53.7947764202146,\AutoSave103.csv
4269500000,-57.0902598891512,\AutoSave103.csv
4270000000,-56.3011378664961,\AutoSave103.csv
4270500000,-57.3051782599,\AutoSave103.csv
4271000000,-56.6489553436952,\AutoSave103.csv
4271500000,-57.7337390686772,\AutoSave103.csv
4272000000,-56.5744862169424,\AutoSave103.csv
4272500000,-57.2056408404162,\AutoSave103.csv
4273000000,-56.1713319231365,\AutoSave103.csv
4273500000,-56.8738076357176,\AutoSave103.csv
4274000000,-55.492513726467,\AutoSave103.csv
4274500000,-57.1302671342771,\AutoSave103.csv
4275000000,-55.8909673071195,\AutoSave103.csv
4275500000,-56.6612474318687,\AutoSave103.csv
4276000000,-57.1917569470331,\AutoSave103.csv
4276500000,-57.7743567993815,\AutoSave103.csv
4277000000,-57.9072915489473,\AutoSave103.csv
4277500000,-57.4440998463324,\AutoSave103.csv
4278000000,-56.702409075286,\AutoSave103.csv
4278500000,-57.304432808041,\AutoSave103.csv
4279000000,-56.6793985931695,\AutoSave103.csv
4279500000,-56.1131728430589,\AutoSave103.csv
4280000000,-58.7244217060352,\AutoSave103.csv
4280500000,-55.0092438971724,\AutoSave103.csv
4281000000,-52.78535695777,\AutoSave103.csv
4281500000,-49.6539252136058,\AutoSave103.csv
4282000000,-49.9424683399542,\AutoSave103.csv
4282500000,-47.1141636019314,\AutoSave103.csv
4283000000,-50.3441734814811,\AutoSave103.csv
4283500000,-50.339414212079,\AutoSave103.csv
4284000000,-53.2769260958326,\AutoSave103.csv
4284500000,-56.5137319816218,\AutoSave103.csv
4285000000,-56.6478638643248,\AutoSave103.csv
4285500000,-57.0507547239058,\AutoSave103.csv
4286000000,-56.6165178114574,\AutoSave103.csv
4286500000,-57.4192381533393,\AutoSave103.csv
4287000000,-57.9232777451679,\AutoSave103.csv
4287500000,-56.7563406243675,\AutoSave103.csv
4288000000,-56.349103973717,\AutoSave103.csv
4288500000,-57.3897155668168,\AutoSave103.csv
4289000000,-57.1859947721789,\AutoSave103.csv
4289500000,-58.1398869957301,\AutoSave103.csv
4290000000,-56.6389649519566,\AutoSave103.csv
4290500000,-56.9361328929032,\AutoSave103.csv
4291000000,-57.2807762721386,\AutoSave103.csv
4291500000,-55.9754109336847,\AutoSave103.csv
4292000000,-57.009564760034,\AutoSave103.csv
4292500000,-55.5347114425619,\AutoSave103.csv
4293000000,-56.1271975415011,\AutoSave103.csv
4293500000,-56.4595692927892,\AutoSave103.csv
4294000000,-55.773814259787,\AutoSave103.csv
4294500000,-56.0470377717341,\AutoSave103.csv
4295000000,-56.1547943408749,\AutoSave103.csv
4295500000,-56.8757428234678,\AutoSave103.csv
4296000000,-57.0533529564577,\AutoSave103.csv
4296500000,-55.3974922061128,\AutoSave103.csv
4297000000,-56.466120501897,\AutoSave103.csv
4297500000,-56.7373316086505,\AutoSave103.csv
4298000000,-57.6643839425727,\AutoSave103.csv
4298500000,-57.0946460654764,\AutoSave103.csv
4299000000,-56.0975038798424,\AutoSave103.csv
4299500000,-52.5402142048202,\AutoSave103.csv
4300000000,-51.4094349308838,\AutoSave103.csv
4300500000,-51.0135594667587,\AutoSave103.csv
4301000000,-47.5970668613461,\AutoSave103.csv
4301500000,-49.2230772512361,\AutoSave103.csv
4302000000,-49.3268976686291,\AutoSave103.csv
4302500000,-47.6718883675004,\AutoSave103.csv
4303000000,-46.530671516574,\AutoSave103.csv
4303500000,-48.5250314964544,\AutoSave103.csv
4304000000,-49.3680604859424,\AutoSave103.csv
4304500000,-49.7310390199659,\AutoSave103.csv
4305000000,-52.9164337094681,\AutoSave103.csv
4305500000,-54.7104543215389,\AutoSave103.csv
4306000000,-56.8679131868002,\AutoSave103.csv
4306500000,-53.9411173124599,\AutoSave103.csv
4307000000,-57.0083542305727,\AutoSave103.csv
4307500000,-54.8743852980932,\AutoSave103.csv
4308000000,-54.6607628837063,\AutoSave103.csv
4308500000,-57.1180642784481,\AutoSave103.csv
4309000000,-57.3958165704406,\AutoSave103.csv
4309500000,-56.6722707522307,\AutoSave103.csv
4310000000,-56.6556708629785,\AutoSave103.csv
4310500000,-56.3215849396994,\AutoSave103.csv
4311000000,-56.3112484642858,\AutoSave103.csv
4311500000,-57.0307063609294,\AutoSave103.csv
4312000000,-56.9098552247031,\AutoSave103.csv
4312500000,-56.9487922895567,\AutoSave103.csv
4313000000,-56.0805798043649,\AutoSave103.csv
4313500000,-57.4770505877658,\AutoSave103.csv
4314000000,-57.5297497438606,\AutoSave103.csv
4314500000,-57.3978934012117,\AutoSave103.csv
4315000000,-57.0761963908192,\AutoSave103.csv
4315500000,-56.7962116685673,\AutoSave103.csv
4316000000,-56.8739930815525,\AutoSave103.csv
4316500000,-57.4838411150213,\AutoSave103.csv
4317000000,-57.5603569054714,\AutoSave103.csv
4317500000,-56.0785421952177,\AutoSave103.csv
4318000000,-56.6031005037804,\AutoSave103.csv
4318500000,-56.1226438123965,\AutoSave103.csv
4319000000,-57.1030351952623,\AutoSave103.csv
4319500000,-56.6313880635437,\AutoSave103.csv
4320000000,-56.3446215268013,\AutoSave103.csv
4320500000,-57.1550359708414,\AutoSave103.csv
4321000000,-57.5754166476606,\AutoSave103.csv
4321500000,-56.7473111287721,\AutoSave103.csv
4322000000,-57.0130631542738,\AutoSave103.csv
4322500000,-57.6560691331501,\AutoSave103.csv
4323000000,-55.0947631901209,\AutoSave103.csv
4323500000,-57.0425116250429,\AutoSave103.csv
4324000000,-56.7160338356276,\AutoSave103.csv
4324500000,-56.2470569058821,\AutoSave103.csv
4325000000,-57.0661746781395,\AutoSave103.csv
4325500000,-56.9586778036188,\AutoSave103.csv
4326000000,-55.8271506159705,\AutoSave103.csv
4326500000,-56.4352569736252,\AutoSave103.csv
4327000000,-56.0557736024608,\AutoSave103.csv
4327500000,-57.0294097828484,\AutoSave103.csv
4328000000,-56.7635045403973,\AutoSave103.csv
4328500000,-55.7858936837707,\AutoSave103.csv
4329000000,-56.2926039507788,\AutoSave103.csv
4329500000,-56.5455480361604,\AutoSave103.csv
4330000000,-57.2120644455704,\AutoSave103.csv
4330500000,-57.8111108304893,\AutoSave103.csv
4331000000,-55.7147770014727,\AutoSave103.csv
4331500000,-56.044560578746,\AutoSave103.csv
4332000000,-56.6066159235434,\AutoSave103.csv
4332500000,-56.4993575530782,\AutoSave103.csv
4333000000,-55.8351008786834,\AutoSave103.csv
4333500000,-56.9743793027287,\AutoSave103.csv
4334000000,-56.7771805753305,\AutoSave103.csv
4334500000,-56.1892931944583,\AutoSave103.csv
4335000000,-56.3275936162166,\AutoSave103.csv
4335500000,-57.2598427671004,\AutoSave103.csv
4336000000,-56.972961692454,\AutoSave103.csv
4336500000,-56.4884474699907,\AutoSave103.csv
4337000000,-55.7818343787053,\AutoSave103.csv
4337500000,-56.862230847056,\AutoSave103.csv
4338000000,-55.1449260460794,\AutoSave103.csv
4338500000,-46.1985762624192,\AutoSave103.csv
4339000000,-47.2593526384405,\AutoSave103.csv
4339500000,-48.9103793683819,\AutoSave103.csv
4340000000,-50.7170960674531,\AutoSave103.csv
4340500000,-51.1738984592224,\AutoSave103.csv
4341000000,-55.384522213333,\AutoSave103.csv
4341500000,-56.7475368887236,\AutoSave103.csv
4342000000,-56.0759969023934,\AutoSave103.csv
4342500000,-57.0193929551662,\AutoSave103.csv
4343000000,-57.2910789538243,\AutoSave103.csv
4343500000,-57.1602630606787,\AutoSave103.csv
4344000000,-57.1908795526994,\AutoSave103.csv
4344500000,-54.6369707126025,\AutoSave103.csv
4345000000,-57.0659377960758,\AutoSave103.csv
4345500000,-56.4878928144214,\AutoSave103.csv
4346000000,-57.1409459604926,\AutoSave103.csv
4346500000,-56.2205411955092,\AutoSave103.csv
4347000000,-56.80833519779,\AutoSave103.csv
4347500000,-57.7230921555134,\AutoSave103.csv
4348000000,-57.4795979029849,\AutoSave103.csv
4348500000,-57.4764863525534,\AutoSave103.csv
4349000000,-56.5727297798718,\AutoSave103.csv
4349500000,-56.5125047918035,\AutoSave103.csv
4350000000,-57.1725236752907,\AutoSave103.csv
4350500000,-55.6170411460224,\AutoSave103.csv
4351000000,-56.7548876155062,\AutoSave103.csv
4351500000,-55.8226030828177,\AutoSave103.csv
4352000000,-56.9290588098368,\AutoSave103.csv
4352500000,-56.8914453480955,\AutoSave103.csv
4353000000,-56.5423909170364,\AutoSave103.csv
4353500000,-56.2733670444377,\AutoSave103.csv
4354000000,-57.1513945070922,\AutoSave103.csv
4354500000,-54.6887804816045,\AutoSave103.csv
4355000000,-57.3674787716578,\AutoSave103.csv
4355500000,-57.9014260791567,\AutoSave103.csv
4356000000,-56.3293661833839,\AutoSave103.csv
4356500000,-56.9471927395479,\AutoSave103.csv
4357000000,-57.3667748095701,\AutoSave103.csv
4357500000,-54.3605839294672,\AutoSave103.csv
4358000000,-56.5133219891781,\AutoSave103.csv
4358500000,-55.0117333211282,\AutoSave103.csv
4359000000,-56.089971960862,\AutoSave103.csv
4359500000,-55.9902404449635,\AutoSave103.csv
4360000000,-56.2429281949363,\AutoSave103.csv
4360500000,-56.505262345313,\AutoSave103.csv
4361000000,-56.2577861487394,\AutoSave103.csv
4361500000,-56.0854259516557,\AutoSave103.csv
4362000000,-56.5216327358369,\AutoSave103.csv
4362500000,-56.6481108812331,\AutoSave103.csv
4363000000,-55.9281206449507,\AutoSave103.csv
4363500000,-56.987296751367,\AutoSave103.csv
4364000000,-56.7841798292491,\AutoSave103.csv
4364500000,-54.3685875958234,\AutoSave103.csv
4365000000,-55.8715909662968,\AutoSave103.csv
4365500000,-57.5097459963599,\AutoSave103.csv
4366000000,-56.3222391086148,\AutoSave103.csv
4366500000,-56.0510649055544,\AutoSave103.csv
4367000000,-56.4084832609123,\AutoSave103.csv
4367500000,-55.406981152799,\AutoSave103.csv
4368000000,-56.5619659952251,\AutoSave103.csv
4368500000,-57.2389096691605,\AutoSave103.csv
4369000000,-55.8700498606226,\AutoSave103.csv
4369500000,-57.1628573209935,\AutoSave103.csv
4370000000,-57.4687035973928,\AutoSave103.csv
4370500000,-56.686448160207,\AutoSave103.csv
4371000000,-56.2120478842313,\AutoSave103.csv
4371500000,-57.1833805167837,\AutoSave103.csv
4372000000,-56.5477912760527,\AutoSave103.csv
4372500000,-57.6677408456379,\AutoSave103.csv
4373000000,-56.4176612264808,\AutoSave103.csv
4373500000,-55.8213127825282,\AutoSave103.csv
4374000000,-56.8511994030012,\AutoSave103.csv
4374500000,-56.9790676807312,\AutoSave103.csv
4375000000,-57.2781218249111,\AutoSave103.csv
4375500000,-57.3102118036202,\AutoSave103.csv
4376000000,-56.879099692358,\AutoSave103.csv
4376500000,-57.2563512965782,\AutoSave103.csv
4377000000,-57.3789659070433,\AutoSave103.csv
4377500000,-55.3780555973858,\AutoSave103.csv
4378000000,-56.8687115933417,\AutoSave103.csv
4378500000,-57.6388610944852,\AutoSave103.csv
4379000000,-56.4096288435284,\AutoSave103.csv
4379500000,-57.2027921785221,\AutoSave103.csv
4380000000,-56.2896482829786,\AutoSave103.csv
4380500000,-54.9874446975856,\AutoSave103.csv
4381000000,-56.5489937146524,\AutoSave103.csv
4381500000,-56.976386922233,\AutoSave103.csv
4382000000,-56.9813220254565,\AutoSave103.csv
4382500000,-56.8744794793612,\AutoSave103.csv
4383000000,-56.307457626478,\AutoSave103.csv
4383500000,-56.1709552182849,\AutoSave103.csv
4384000000,-56.3027004609385,\AutoSave103.csv
4384500000,-56.6337222148167,\AutoSave103.csv
4385000000,-56.5666327075849,\AutoSave103.csv
4385500000,-56.728962673427,\AutoSave103.csv
4386000000,-57.2567358897828,\AutoSave103.csv
4386500000,-55.0939038439424,\AutoSave103.csv
4387000000,-55.9722971321519,\AutoSave103.csv
4387500000,-57.3878631400579,\AutoSave103.csv
4388000000,-56.3141693536687,\AutoSave103.csv
4388500000,-56.779466044682,\AutoSave103.csv
4389000000,-57.0407664485543,\AutoSave103.csv
4389500000,-56.6847378059989,\AutoSave103.csv
4390000000,-57.3292945463579,\AutoSave103.csv
4390500000,-55.1947903627308,\AutoSave103.csv
4391000000,-56.7394330243459,\AutoSave103.csv
4391500000,-55.2808677621443,\AutoSave103.csv
4392000000,-56.5367910521769,\AutoSave103.csv
4392500000,-56.655833292151,\AutoSave103.csv
4393000000,-56.3510184630527,\AutoSave103.csv
4393500000,-57.4948548724174,\AutoSave103.csv
4394000000,-57.1564322141455,\AutoSave103.csv
4394500000,-56.7869196018875,\AutoSave103.csv
4395000000,-57.2179624089251,\AutoSave103.csv
4395500000,-57.2465984673688,\AutoSave103.csv
4396000000,-56.265080286583,\AutoSave103.csv
4396500000,-56.3952627644038,\AutoSave103.csv
4397000000,-56.7560501570549,\AutoSave103.csv
4397500000,-55.9350962291214,\AutoSave103.csv
4398000000,-56.5222406927209,\AutoSave103.csv
4398500000,-55.8850118789479,\AutoSave103.csv
4399000000,-56.3130159230331,\AutoSave103.csv
4399500000,-55.9496098436175,\AutoSave103.csv
4400000000,-56.177076305227,\AutoSave103.csv
4400500000,-54.6200832129244,\AutoSave103.csv
4401000000,-56.1147968494777,\AutoSave103.csv
4401500000,-57.2823190321358,\AutoSave103.csv
4402000000,-57.0635436642568,\AutoSave103.csv
4402500000,-56.5272210502858,\AutoSave103.csv
4403000000,-57.1435656271566,\AutoSave103.csv
4403500000,-57.8033595366185,\AutoSave103.csv
4404000000,-56.4900091092956,\AutoSave103.csv
4404500000,-56.5107088152483,\AutoSave103.csv
4405000000,-55.9745407159231,\AutoSave103.csv
4405500000,-57.5805043259812,\AutoSave103.csv
4406000000,-57.3339910427209,\AutoSave103.csv
4406500000,-56.5512317772808,\AutoSave103.csv
4407000000,-56.7059646384454,\AutoSave103.csv
4407500000,-55.947821806023,\AutoSave103.csv
4408000000,-57.5726519002067,\AutoSave103.csv
4408500000,-56.4560442456433,\AutoSave103.csv
4409000000,-56.3376076932824,\AutoSave103.csv
4409500000,-55.0899510032998,\AutoSave103.csv
4410000000,-55.5017112262665,\AutoSave103.csv
4410500000,-55.501355999813,\AutoSave103.csv
4411000000,-57.7765089554259,\AutoSave103.csv
4411500000,-57.130719413021,\AutoSave103.csv
4412000000,-57.4165014204044,\AutoSave103.csv
4412500000,-56.4655447328059,\AutoSave103.csv
4413000000,-57.2872197315606,\AutoSave103.csv
4413500000,-56.53908118285,\AutoSave103.csv
4414000000,-56.2266743057163,\AutoSave103.csv
4414500000,-56.6109346556027,\AutoSave103.csv
4415000000,-57.9006576012497,\AutoSave103.csv
4415500000,-56.2579728130483,\AutoSave103.csv
4416000000,-56.5837975642502,\AutoSave103.csv
4416500000,-57.0489741402629,\AutoSave103.csv
4417000000,-57.7565608852178,\AutoSave103.csv
4417500000,-57.2802389396762,\AutoSave103.csv
4418000000,-56.8300246516157,\AutoSave103.csv
4418500000,-55.7944847580257,\AutoSave103.csv
4419000000,-56.4146933286884,\AutoSave103.csv
4419500000,-57.2411853672637,\AutoSave103.csv
4420000000,-56.9606042843569,\AutoSave103.csv
4420500000,-55.3494745145462,\AutoSave103.csv
4421000000,-57.3247157573806,\AutoSave103.csv
4421500000,-54.9944130837142,\AutoSave103.csv
4422000000,-56.6331618706162,\AutoSave103.csv
4422500000,-57.3600052422683,\AutoSave103.csv
4423000000,-57.3246721578956,\AutoSave103.csv
4423500000,-56.6715170652141,\AutoSave103.csv
4424000000,-58.1533705857909,\AutoSave103.csv
4424500000,-57.6879431414775,\AutoSave103.csv
4425000000,-56.4728047361118,\AutoSave103.csv
4425500000,-56.8335537381805,\AutoSave103.csv
4426000000,-56.6269185185425,\AutoSave103.csv
4426500000,-57.1534838336969,\AutoSave103.csv
4427000000,-56.0832953870026,\AutoSave103.csv
4427500000,-55.7623480514326,\AutoSave103.csv
4428000000,-55.1749742959034,\AutoSave103.csv
4428500000,-56.4803309223826,\AutoSave103.csv
4429000000,-57.8679974485095,\AutoSave103.csv
4429500000,-56.8342402958161,\AutoSave103.csv
4430000000,-56.9357992304082,\AutoSave103.csv
4430500000,-56.8008240821579,\AutoSave103.csv
4431000000,-56.5052428773094,\AutoSave103.csv
4431500000,-56.222981996219,\AutoSave103.csv
4432000000,-56.7460150003822,\AutoSave103.csv
4432500000,-56.1485200033949,\AutoSave103.csv
4433000000,-57.1011339067389,\AutoSave103.csv
4433500000,-55.2148440174459,\AutoSave103.csv
4434000000,-56.6902509532448,\AutoSave103.csv
4434500000,-57.3186912076157,\AutoSave103.csv
4435000000,-55.8691687548179,\AutoSave103.csv
4435500000,-56.299562722545,\AutoSave103.csv
4436000000,-55.9364774648847,\AutoSave103.csv
4436500000,-56.3715497036878,\AutoSave103.csv
4437000000,-56.263344569096,\AutoSave103.csv
4437500000,-56.5422446018088,\AutoSave103.csv
4438000000,-55.841913035842,\AutoSave103.csv
4438500000,-56.5199801749533,\AutoSave103.csv
4439000000,-57.0836969072719,\AutoSave103.csv
4439500000,-55.358637031054,\AutoSave103.csv
4440000000,-57.4745423991335,\AutoSave103.csv
4440500000,-54.8870360937095,\AutoSave103.csv
4441000000,-57.0210927489318,\AutoSave103.csv
4441500000,-57.2688584887008,\AutoSave103.csv
4442000000,-56.2620911273434,\AutoSave103.csv
4442500000,-57.6526326320126,\AutoSave103.csv
4443000000,-58.3269924529794,\AutoSave103.csv
4443500000,-56.2701480732716,\AutoSave103.csv
4444000000,-54.4979112526973,\AutoSave103.csv
4444500000,-55.8879079415215,\AutoSave103.csv
4445000000,-56.3207055104739,\AutoSave103.csv
4445500000,-55.6177404782452,\AutoSave103.csv
4446000000,-56.703427711224,\AutoSave103.csv
4446500000,-57.0237404549612,\AutoSave103.csv
4447000000,-57.0595189148197,\AutoSave103.csv
4447500000,-57.3943709955509,\AutoSave103.csv
4448000000,-57.0635083404993,\AutoSave103.csv
4448500000,-57.1315619250909,\AutoSave103.csv
4449000000,-56.2941509537145,\AutoSave103.csv
4449500000,-57.7126574189823,\AutoSave103.csv
4450000000,-55.4510128289507,\AutoSave103.csv
4450500000,-55.628995420457,\AutoSave103.csv
4451000000,-54.9790209303609,\AutoSave103.csv
4451500000,-55.0747025185455,\AutoSave103.csv
4452000000,-57.0227107128652,\AutoSave103.csv
4452500000,-57.573306322653,\AutoSave103.csv
4453000000,-55.2734022787147,\AutoSave103.csv
4453500000,-57.0009282964547,\AutoSave103.csv
4454000000,-55.5937429350712,\AutoSave103.csv
4454500000,-56.4414323787506,\AutoSave103.csv
4455000000,-55.5378031660133,\AutoSave103.csv
4455500000,-56.217547788125,\AutoSave103.csv
4456000000,-56.3815205677286,\AutoSave103.csv
4456500000,-57.3783321435357,\AutoSave103.csv
4457000000,-57.4045773072874,\AutoSave103.csv
4457500000,-56.2571714161426,\AutoSave103.csv
4458000000,-57.0867333546844,\AutoSave103.csv
4458500000,-55.2988253462778,\AutoSave103.csv
4459000000,-56.5355356314406,\AutoSave103.csv
4459500000,-56.228920499038,\AutoSave103.csv
4460000000,-56.4187819806472,\AutoSave103.csv
4460500000,-56.4509199867227,\AutoSave103.csv
4461000000,-56.0737254122062,\AutoSave103.csv
4461500000,-57.2452223766631,\AutoSave103.csv
4462000000,-56.8512281432001,\AutoSave103.csv
4462500000,-57.784167845958,\AutoSave103.csv
4463000000,-56.4516629441014,\AutoSave103.csv
4463500000,-55.1273963631373,\AutoSave103.csv
4464000000,-56.185135441949,\AutoSave103.csv
4464500000,-56.2818991758881,\AutoSave103.csv
4465000000,-55.7635081000778,\AutoSave103.csv
4465500000,-57.4918227159581,\AutoSave103.csv
4466000000,-57.466736001827,\AutoSave103.csv
4466500000,-56.2310559540316,\AutoSave103.csv
4467000000,-55.4420095434948,\AutoSave103.csv
4467500000,-55.1991852344584,\AutoSave103.csv
4468000000,-55.2814098510294,\AutoSave103.csv
4468500000,-57.0894569017323,\AutoSave103.csv
4469000000,-58.069819626198,\AutoSave103.csv
4469500000,-57.5972267858451,\AutoSave103.csv
4470000000,-58.0104480691892,\AutoSave103.csv
4470500000,-57.2677735775635,\AutoSave103.csv
4471000000,-57.0504166249165,\AutoSave103.csv
4471500000,-55.5001338507854,\AutoSave103.csv
4472000000,-56.7437563456397,\AutoSave103.csv
4472500000,-55.8867237734812,\AutoSave103.csv
4473000000,-55.2235269121022,\AutoSave103.csv
4473500000,-55.7395082466504,\AutoSave103.csv
4474000000,-55.9007645546523,\AutoSave103.csv
4474500000,-57.3856451392107,\AutoSave103.csv
4475000000,-57.7840339676808,\AutoSave103.csv
4475500000,-56.8510951457426,\AutoSave103.csv
4476000000,-57.0199474668604,\AutoSave103.csv
4476500000,-56.9471070586317,\AutoSave103.csv
4477000000,-56.9263091164124,\AutoSave103.csv
4477500000,-56.820472163151,\AutoSave103.csv
4478000000,-56.7586147714595,\AutoSave103.csv
4478500000,-56.0485462352591,\AutoSave103.csv
4479000000,-56.6730733306776,\AutoSave103.csv
4479500000,-57.2099353285604,\AutoSave103.csv
4480000000,-56.3782732706737,\AutoSave103.csv
4480500000,-56.8441355561917,\AutoSave103.csv
4481000000,-55.8793318779436,\AutoSave103.csv
4481500000,-56.4254923252594,\AutoSave103.csv
4482000000,-56.6445349391503,\AutoSave103.csv
4482500000,-56.9080129669686,\AutoSave103.csv
4483000000,-56.1794813370781,\AutoSave103.csv
4483500000,-56.5374033038014,\AutoSave103.csv
4484000000,-57.1669471516169,\AutoSave103.csv
4484500000,-57.2812649940989,\AutoSave103.csv
4485000000,-57.0572836195025,\AutoSave103.csv
4485500000,-56.2762554948526,\AutoSave103.csv
4486000000,-55.9765780631119,\AutoSave103.csv
4486500000,-56.1873871586692,\AutoSave103.csv
4487000000,-56.4343395694742,\AutoSave103.csv
4487500000,-56.5665703289809,\AutoSave103.csv
4488000000,-56.882644070913,\AutoSave103.csv
4488500000,-56.5707468174532,\AutoSave103.csv
4489000000,-56.696317672488,\AutoSave103.csv
4489500000,-57.1412828510594,\AutoSave103.csv
4490000000,-57.1659765459884,\AutoSave103.csv
4490500000,-55.7775223837695,\AutoSave103.csv
4491000000,-56.0060922042985,\AutoSave103.csv
4491500000,-57.0957981855227,\AutoSave103.csv
4492000000,-56.3624076637525,\AutoSave103.csv
4492500000,-56.4287704236666,\AutoSave103.csv
4493000000,-56.9224165989621,\AutoSave103.csv
4493500000,-56.8743937577989,\AutoSave103.csv
4494000000,-56.0105779591961,\AutoSave103.csv
4494500000,-57.0632757394716,\AutoSave103.csv
4495000000,-56.4870249731323,\AutoSave103.csv
4495500000,-56.4071453512004,\AutoSave103.csv
4496000000,-56.555039102857,\AutoSave103.csv
4496500000,-56.8169852665715,\AutoSave103.csv
4497000000,-56.9798285714526,\AutoSave103.csv
4497500000,-57.0398023909345,\AutoSave103.csv
4498000000,-56.8999823452585,\AutoSave103.csv
4498500000,-56.7548507293362,\AutoSave103.csv
4499000000,-56.6611444950855,\AutoSave103.csv
4499500000,-55.8622175987994,\AutoSave103.csv
4500000000,-56.5002702564536,\AutoSave103.csv
